Date,Adj Close,Volume,Vol_Avg_20,Vol_Anomaly,Log_Return
2021-03-15,97.09121704101562,7107300,6295740.0,False,0.010059511459584404
2021-03-16,99.26663208007812,11376200,6618145.0,False,0.02215856467326595
2021-03-17,98.4820556640625,10128400,6837875.0,False,-0.007935127578150918
2021-03-18,95.95001983642578,7813400,7023610.0,False,-0.02604692639181637
2021-03-19,94.80880737304688,21452000,7889765.0,True,-0.011965119466228448
2021-03-22,95.90545654296875,7605100,8009430.0,False,0.011500568804455037
2021-03-23,94.72858428955078,5657800,7855305.0,False,-0.01234708344289077
2021-03-24,93.58738708496094,5731300,7764735.0,False,-0.012120174048440175
2021-03-25,95.70930480957031,8149000,7795485.0,False,0.0224199016349162
2021-03-26,97.9827880859375,6167600,7347720.0,False,0.023476308796747333
2021-03-29,97.29627990722656,5167100,7209560.0,False,-0.007031076233110491
2021-03-30,98.31267547607422,4552900,7186365.0,False,0.01039221046125911
2021-03-31,97.42111206054688,6478400,7244615.0,False,-0.009110022268814067
2021-04-01,97.51917266845703,5793000,7173675.0,False,0.0010060579968629185
2021-04-05,98.98133087158203,6913100,7241335.0,False,0.01488225387141966
2021-04-06,100.88036346435547,6745200,7322620.0,False,0.01900403929090203
2021-04-07,100.91602325439453,5629600,7328555.0,False,0.00035342347789345333
2021-04-08,100.78228759765625,5011300,7275270.0,False,-0.0013260961459867244
2021-04-09,100.90709686279297,4114300,7247450.0,False,0.0012376385738096457
2021-04-12,101.46879577636719,4707800,7315040.0,False,0.005551059947013349
2021-04-13,102.85072326660156,4607400,7190045.0,False,0.013527327880610559
2021-04-14,102.67240142822266,3994600,6820965.0,False,-0.0017352975086520183
2021-04-15,104.00978088378906,5079100,6568500.0,False,0.012941590866180115
2021-04-16,105.50758361816406,5777900,6466725.0,False,0.014297891290569588
2021-04-19,104.8478012084961,4889700,5638610.0,False,-0.0062730466710705125
2021-04-20,103.66202545166016,5662400,5541475.0,False,-0.01137393435211485
2021-04-21,104.0810775756836,4397400,5478455.0,False,0.004034335545067073
2021-04-22,103.34998321533203,5744900,5479135.0,False,-0.007049063769508295
2021-04-23,104.81216430664062,4555800,5299475.0,False,0.014048713057713958
2021-04-26,103.34998321533203,5924900,5287340.0,False,-0.014048713057713878
2021-04-27,103.55504608154297,7260900,5392030.0,False,0.0019821938021553137
2021-04-28,100.2116928100586,14793500,5904060.0,True,-0.03281844097021328
2021-04-29,102.19986724853516,8936600,6026970.0,False,0.019645502277118306
2021-04-30,102.07503509521484,6478700,6061255.0,False,-0.0012221978072414256
2021-05-03,103.17167663574219,5049800,5968090.0,False,0.010686183151283052
2021-05-04,101.73627471923828,6265100,5944085.0,False,-0.014010441145074014
2021-05-05,101.1745834350586,4677700,5896490.0,False,-0.0055363495477367105
2021-05-06,102.29794311523438,4113300,5851590.0,False,0.011041992873019485
2021-05-07,101.94132995605469,4867500,5889250.0,False,-0.003492115068969384
2021-05-10,101.9056625366211,5759500,5941835.0,False,-0.00034994305642125284
2021-05-11,101.23698425292969,7775400,6100235.0,False,-0.006583361094643081
2021-05-12,98.274169921875,7965300,6298770.0,False,-0.02970292234579555
2021-05-13,98.90077209472656,7999400,6444785.0,False,0.006355820631335387
2021-05-14,99.53628540039062,6836300,6497705.0,False,0.006405209656265185
2021-05-17,99.33935546875,4521200,6479280.0,False,-0.0019804335527987818
2021-05-18,99.41990661621094,5177300,6455025.0,False,0.0008105398563666421
2021-05-19,98.1667709350586,5997400,6535025.0,False,-0.012684584800576028
2021-05-20,99.72425079345703,5345500,6515055.0,False,0.015741108458063643
2021-05-21,99.28565979003906,5146500,6544590.0,False,-0.004407737405801287
2021-05-24,100.71781158447266,5476100,6522150.0,False,0.014321514152297385
2021-05-25,100.8162841796875,5391800,6428695.0,False,0.0009772302069093913
2021-05-26,101.0132064819336,3841600,5881100.0,False,0.001951373548912548
2021-05-27,101.60398864746094,7378400,5803190.0,False,0.0058315271748009935
2021-05-28,101.93517303466797,4239800,5691245.0,False,0.0032542600327712373
2021-06-01,101.45182037353516,4306900,5654100.0,False,-0.004753043083053873
2021-06-02,101.14747619628906,5045000,5593095.0,False,-0.0030043974616561914
2021-06-03,99.46468353271484,5723900,5645405.0,False,-0.01677697041404541
2021-06-04,100.24341583251953,4477500,5663615.0,False,0.007798744759756672
2021-06-07,99.65265655517578,4009000,5620690.0,False,-0.005910681387493802
2021-06-08,99.82270812988281,4669800,5566205.0,False,0.0017049886452927268
2021-06-09,99.70634460449219,3669400,5360905.0,False,-0.0011663819076786661
2021-06-10,100.44033813476562,3833200,5154300.0,False,0.007334588919783404
2021-06-11,100.75363159179688,3231200,4915890.0,False,0.003114344934693738
2021-06-14,100.65518188476562,4222400,4785195.0,False,-0.0009776107924253047
2021-06-15,100.1539077758789,3487300,4733500.0,False,-0.004992554380347445
2021-06-16,99.67950439453125,4822000,4715735.0,False,-0.004747997518733702
2021-06-17,99.70634460449219,4008500,4616290.0,False,0.000269228837029432
2021-06-18,98.19361114501953,7024400,4700235.0,False,-0.015288158277904562
2021-06-21,99.33041381835938,5628500,4724335.0,False,0.011510652694094237
2021-06-22,100.11809539794922,3583500,4629705.0,False,0.0078986368749274
2021-06-23,99.85852813720703,3552100,4537720.0,False,-0.0025959774890121994
2021-06-24,100.24341583251953,3840000,4537640.0,False,0.0038469208477750435
2021-06-25,101.18326568603516,12171200,4777280.0,True,0.00933199779772477
2021-06-28,100.46720123291016,4546600,4792620.0,False,-0.007102066004425324
2021-06-29,100.49403381347656,3789500,4766750.0,False,0.0002670423549065146
2021-06-30,100.0822982788086,6759100,4852455.0,False,-0.004105530385392282
2021-07-01,101.51446533203125,4810600,4806790.0,False,0.014208473602445093
2021-07-02,102.91085052490234,4722000,4819015.0,False,0.013661780644817757
2021-07-06,103.59114837646484,5294700,4883300.0,False,0.006588801234738866
2021-07-07,104.85323333740234,5382300,4918925.0,False,0.0121097088223889
2021-07-08,103.82386016845703,4486100,4959760.0,False,-0.009865783551304748
2021-07-09,105.14862823486328,3533600,4944780.0,False,0.012679045205969125
2021-07-12,106.03478240966797,5683400,5067390.0,False,0.008392319956922268
2021-07-13,107.01045989990234,5529300,5132735.0,False,0.009159409530438528
2021-07-14,107.23422241210938,5701800,5243460.0,False,0.002088850851784805
2021-07-15,106.49129486083984,6467500,5325735.0,False,-0.006952193196885901
2021-07-16,106.27645111083984,5024800,5376550.0,False,-0.0020195149602002783
2021-07-19,103.22412872314453,7731300,5411895.0,False,-0.029141097276591758
2021-07-20,105.10388946533203,5117800,5386360.0,False,0.01804665330404131
2021-07-21,106.75980377197266,4377500,5426060.0,False,0.015632202025059386
2021-07-22,109.76738739013672,7172300,5607070.0,False,0.02778198014683782
2021-07-23,112.75707244873047,7934200,5811780.0,False,0.0268722365815602
2021-07-26,112.83761596679688,4827500,5444595.0,False,0.0007140551229672646
2021-07-27,112.810791015625,6110900,5522810.0,False,-0.0002377588360314276
2021-07-28,109.57046508789062,11747000,5920685.0,False,-0.029144140447681897
2021-07-29,109.54360961914062,6618400,5913650.0,False,-0.00024512773924161604
2021-07-30,108.6932601928711,5712300,5958735.0,False,-0.0077929428741482145
2021-08-02,107.74445343017578,5996800,6022475.0,False,-0.008767537086579853
2021-08-03,106.63450622558594,6030500,6059265.0,False,-0.010355093843815177
2021-08-04,105.8468017578125,6675500,6123925.0,False,-0.007414375257600438
2021-08-05,106.54496765136719,4281900,6113715.0,False,0.006574345231673299
2021-08-06,106.56289672851562,6832600,6278665.0,False,0.00016826293335454713
2021-08-09,105.56932067871094,4557900,6222390.0,False,-0.009367585250367301
2021-08-10,104.1819076538086,9839700,6437910.0,False,-0.013229321903944604
2021-08-11,104.68510437011719,6472300,6476435.0,False,0.0048183548466838
2021-08-12,104.01116943359375,4358300,6370975.0,False,-0.006458546354302733
2021-08-13,104.91874694824219,4361700,6337820.0,False,0.008687920227201527
2021-08-16,105.61963653564453,5976000,6250055.0,False,0.006658094025592684
2021-08-17,104.74801635742188,4719800,6230155.0,False,-0.008286684326357029
2021-08-18,103.94825744628906,4520500,6237305.0,False,-0.007664370920902212
2021-08-19,102.72620391845703,5317100,6144545.0,False,-0.011826016259766104
2021-08-20,103.00475311279297,3486300,5922150.0,False,0.002707899370767531
2021-08-23,103.47201538085938,4235100,5892530.0,False,0.004526059460723069
2021-08-24,103.40909576416016,3447300,5759350.0,False,-0.0006082683749227211
2021-08-25,103.84942626953125,3881500,5366075.0,False,0.004249100722700289
2021-08-26,102.72620391845703,5188200,5294565.0,False,-0.010874791179268276
2021-08-27,103.445068359375,4204700,5219185.0,False,0.006973496803420022
2021-08-30,103.8853759765625,3078200,5073255.0,False,0.004247405927706111
2021-08-31,105.57471466064453,6995500,5121505.0,False,0.01613076084786514
2021-09-01,105.53876495361328,4402700,5007865.0,False,-0.0003405723542088704
2021-09-02,105.46687316894531,3801900,4983865.0,False,-0.0006814205353889583
2021-09-03,105.3051528930664,2921300,4788300.0,False,-0.001534551910289103
2021-09-07,104.0471420288086,4264900,4773650.0,False,-0.012018268123778413
2021-09-08,106.06891632080078,5548400,4559085.0,False,0.019244951647743768
2021-09-09,106.74287414550781,4711200,4471030.0,False,0.006333860322025403
2021-09-10,107.23709106445312,6517900,4579010.0,False,0.004619290383131632
2021-09-13,107.09330749511719,4381100,4579980.0,False,-0.001341700401545429
2021-09-14,106.80577087402344,4722800,4517320.0,False,-0.002688527659709971
2021-09-15,103.01372528076172,11556200,4859140.0,True,-0.03614972496227439
2021-09-16,103.04069519042969,7997000,5032965.0,False,0.0002617746298314087
2021-09-17,101.9084701538086,9261000,5230160.0,False,-0.0110489501446128
2021-09-20,100.479736328125,7795200,5445605.0,False,-0.014118980396715738
2021-09-21,100.83917999267578,5468400,5507270.0,False,0.003570891926766036
2021-09-22,101.60295867919922,4578200,5563815.0,False,0.007545685058385968
2021-09-23,102.56446075439453,3842000,5561840.0,False,0.009418830742992008
2021-09-24,102.5374984741211,3955000,5500180.0,False,-0.00026291587394065277
2021-09-27,102.15110778808594,3988800,5489385.0,False,-0.0037754045234690455
2021-09-28,100.38088989257812,5917700,5631360.0,False,-0.017481316498851072
2021-09-29,100.79423522949219,4389100,5501040.0,False,0.0041093143928691254
2021-09-30,99.12286376953125,5974500,5579630.0,False,-0.01672103497029182
2021-10-01,101.46818542480469,5636900,5671380.0,False,0.023385176409435226
2021-10-04,100.15625,4497700,5750200.0,False,-0.01301383870233757
2021-10-05,99.60808563232422,5884000,5831155.0,False,-0.0054881242120622745
2021-10-06,100.31800079345703,5734500,5840460.0,False,0.007101806048171805
2021-10-07,100.83018493652344,5549500,5882375.0,False,0.005092616154145478
2021-10-08,99.94060516357422,3787000,5745830.0,False,-0.008861703378669487
2021-10-11,99.68899536132812,5987300,5826140.0,False,-0.0025207678101599896
2021-10-12,99.74288940429688,3866800,5783340.0,False,0.0005404757052166005
2021-10-13,99.5272445678711,4806500,5445855.0,False,-0.0021643476250832517
2021-10-14,100.52466583251953,5194900,5305750.0,False,0.009971707118573843
2021-10-15,100.14725494384766,5860900,5135745.0,False,-0.0037614762663475423
2021-10-18,101.87252044677734,4958400,4993905.0,False,0.017080579803257577
2021-10-19,101.98035430908203,5799300,5010450.0,False,0.0010579578285741943
2021-10-20,102.31285858154297,7645200,5163800.0,False,0.0032551699722283907
2021-10-21,102.83402252197266,3684300,5155915.0,False,0.005080896758477919
2021-10-22,102.93286895751953,3396400,5127985.0,False,0.0009607613979061626
2021-10-25,103.07665252685547,4290600,5143075.0,False,0.001395892691240504
2021-10-26,103.26534271240234,5948000,5144590.0,False,0.0018289077598959177
2021-10-27,101.99834442138672,5853900,5217830.0,False,-0.012345236510740707
2021-10-28,101.71977233886719,7697600,5303985.0,False,-0.002734879553992206
2021-10-29,95.31287384033203,27419600,6393120.0,True,-0.06505681338241681
2021-11-01,98.66459655761719,14184600,6877465.0,True,0.034561295547628976
2021-11-02,100.14725494384766,11538900,7160210.0,False,0.014915467687940049
2021-11-03,101.18961334228516,6422600,7194615.0,False,0.010354464339551882
2021-11-04,100.78526306152344,8212600,7327770.0,False,-0.004003971465817115
2021-11-05,105.05353546142578,10256800,7651260.0,False,0.04147793659711832
2021-11-08,103.48100280761719,8753300,7789560.0,False,-0.015082033653699575
2021-11-09,102.55546569824219,6754700,7933955.0,False,-0.008984267121554097
2021-11-10,102.20349884033203,6563700,8021815.0,False,-0.0034378685725386243
2021-11-11,100.57003784179688,7191900,8121665.0,False,-0.016111533682360096
2021-11-12,100.8227310180664,7350400,8196140.0,False,0.002509457616663974
2021-11-15,100.95811462402344,6566100,8276525.0,False,0.0013418877876267296
2021-11-16,101.28298950195312,7965000,8384810.0,False,0.003212751025800918
2021-11-17,101.5447006225586,5768600,8290980.0,False,0.002580626596757724
2021-11-18,101.88763427734375,5632100,8388370.0,False,0.003371479561438829
2021-11-19,99.97442626953125,6921800,8564640.0,False,-0.018956165340775
2021-11-22,100.5790786743164,5967300,8648475.0,False,0.006029854596728338
2021-11-23,102.50130462646484,7911000,8746625.0,False,0.01893125598676202
2021-11-24,102.853271484375,4464300,8677145.0,False,0.0034278973395598274
2021-11-26,99.86612701416016,6703200,8627425.0,False,-0.029472864669777155
2021-11-29,99.92930603027344,7114100,7612150.0,False,0.000632437060811732
2021-11-30,98.94562530517578,9483300,7377085.0,False,-0.00989253638537524
2021-12-01,98.06121063232422,7618500,7181065.0,False,-0.008978577926484077
2021-12-02,100.55198669433594,7709400,7245405.0,False,0.025082992317059072
2021-12-03,100.38957214355469,7014100,7185480.0,False,-0.0016165355448504654
2021-12-06,102.30276489257812,8280200,7086650.0,False,0.01887836113880173
2021-12-07,104.91991424560547,8786900,7088330.0,False,0.02526063777681205
2021-12-08,104.910888671875,5807000,7040945.0,False,-8.60271572194966e-05
2021-12-09,104.09867095947266,5664700,6995995.0,False,-0.00777210193036351
2021-12-10,105.34407043457031,6110800,6941940.0,False,0.011892645649739995
2021-12-13,104.2881851196289,6479400,6898390.0,False,-0.010073776494849116
2021-12-14,103.5210952758789,6854600,6912815.0,False,-0.007382666706646619
2021-12-15,103.49402618408203,6902400,6859685.0,False,-0.0002615180162709568
2021-12-16,102.51032257080078,7544400,6948475.0,False,-0.009550391495916907
2021-12-17,98.03413391113281,13696900,7351715.0,False,-0.04464777827353175
2021-12-20,97.54680633544922,6313700,7321310.0,False,-0.00498339545359107
2021-12-21,99.60440826416016,4682200,7257055.0,False,0.02087409550300309
2021-12-22,100.8407974243164,3643300,7043670.0,False,0.012336586814504887
2021-12-23,101.40933990478516,3359600,6988435.0,False,0.005622186323958817
2021-12-27,103.0788803100586,3716700,6839110.0,False,0.01632932695589845
2021-12-28,104.29721069335938,4561600,6711485.0,False,0.011750095150750392
2021-12-29,105.02820587158203,4215300,6448085.0,False,0.006984322895500205
2021-12-30,104.90184783935547,4068700,6270595.0,False,-0.001203810938475473
2021-12-31,105.5606460571289,3674900,6068870.0,False,0.00626050140633727
2022-01-03,105.2989273071289,5475700,5991950.0,False,-0.002482399828697188
2022-01-04,103.096923828125,8367600,5996320.0,False,-0.021133678272046572
2022-01-05,99.66759490966797,8662300,5990090.0,False,-0.033828955645039654
2022-01-06,100.29930877685547,6099900,6004735.0,False,0.006318205233232013
2022-01-07,97.0775375366211,11266400,6284820.0,False,-0.03264878815123764
2022-01-10,95.687744140625,8499400,6404250.0,False,-0.014419790384513487
2022-01-11,93.891845703125,13073200,6733940.0,False,-0.01894668263054104
2022-01-12,93.73843383789062,11810500,6981735.0,False,-0.0016352573773890156
2022-01-13,92.41182708740234,9818500,7127540.0,False,-0.014253315605782814
2022-01-14,90.35421752929688,13703200,7435480.0,False,-0.02251727338546614
2022-01-18,88.19732666015625,11396000,7320435.0,False,-0.02416104327460163
2022-01-19,87.42123413085938,10856800,7547590.0,False,-0.008838445982427797
2022-01-20,86.38336944580078,20311500,8329055.0,True,-0.011943032578874578
2022-01-21,86.91583251953125,13438300,8818805.0,False,0.006145034059462053
2022-01-24,88.53125762939453,17201400,9510895.0,False,0.01841547513220837
2022-01-25,87.54757690429688,12368500,9943485.0,False,-0.011173301566410753
2022-01-26,86.25704956054688,11863000,10308555.0,False,-0.014850595035042557
2022-01-27,86.02239990234375,7322200,10463900.0,False,-0.002724060287355602
2022-01-28,87.7280502319336,8345400,10677735.0,False,0.019633964929375615
2022-01-31,88.72979736328125,8807700,10934375.0,False,0.01135407585058699
2022-02-01,89.12687683105469,11601900,11240685.0,False,0.004465169826332497
2022-02-02,88.19732666015625,15578800,11601245.0,False,-0.010484284347854263
2022-02-03,86.58194732666016,8901100,11613185.0,False,-0.018485319171518626
2022-02-04,85.73363494873047,8267600,11721570.0,False,-0.009846111652643642
2022-02-07,85.90509796142578,6849000,11500700.0,False,0.001997953105636929
2022-02-08,85.66141510009766,7161000,11433780.0,False,-0.0028406828447560947
2022-02-09,87.6558609008789,9353700,11247805.0,False,0.0230159842122086
2022-02-10,86.44951629638672,9098800,11112220.0,False,-0.0138578592966138
2022-02-11,85.01640319824219,6924800,10967535.0,False,-0.016716400254998
2022-02-14,84.94381713867188,7948500,10679800.0,False,-0.000854153564163681
2022-02-15,85.72388458251953,7722200,10496110.0,False,0.009141423575853097
2022-02-16,86.33158874511719,6545800,10280560.0,False,0.007064078554895627
2022-02-17,84.39959716796875,6578200,9593895.0,False,-0.022632936542581184
2022-02-18,84.66263580322266,6210600,9232510.0,False,0.0031117398945903194
2022-02-22,84.45402526855469,8622500,8803565.0,False,-0.002467061957740355
2022-02-23,81.31568908691406,9674800,8668880.0,False,-0.03786833100122168
2022-02-24,82.54927062988281,9260500,8538755.0,False,0.015056359197260033
2022-02-25,83.97328186035156,7039400,8524615.0,False,0.017103340324242162
2022-02-28,83.2567367553711,8591500,8536920.0,False,-0.00856962758330061
2022-03-01,81.76014709472656,7100700,8451570.0,False,-0.018139122015411072
2022-03-02,84.14562225341797,10721100,8407530.0,False,0.028758970593702526
2022-03-03,83.02091217041016,6587400,7957960.0,False,-0.013456366229359175
2022-03-04,81.66036224365234,7179800,7871895.0,False,-0.016523808041645386
2022-03-07,76.6081771850586,14608700,8188950.0,False,-0.0638648990681237
2022-03-08,76.19093322753906,10692000,8381100.0,False,-0.005461353714240484
2022-03-09,79.45626068115234,8811600,8463630.0,False,0.04196422104647345
2022-03-10,79.05718994140625,9114300,8451660.0,False,-0.005035176274506722
2022-03-11,75.03900909423828,15351700,8764305.0,False,-0.052163414293231125
2022-03-14,71.91881561279297,18199300,9328030.0,False,-0.0424701776691114
2022-03-15,75.39275360107422,12542300,9557720.0,False,0.04717324240134302
2022-03-16,79.283935546875,21207900,10232005.0,True,0.05032436558666835
2022-03-17,79.51069641113281,8554200,10332425.0,False,0.0028560287662188514
2022-03-18,81.27032470703125,23784200,11192725.0,True,0.02188938150611384
2022-03-21,78.7850570678711,11925300,11478460.0,False,-0.031057592404684427
2022-03-22,79.71929931640625,8447400,11469705.0,False,0.011788358235277229
2022-03-23,78.20455169677734,7670500,11369490.0,False,-0.01918385429995604
2022-03-24,79.02088928222656,6163400,11214635.0,False,0.0103843871093661
2022-03-25,79.32020568847656,7048100,11215070.0,False,0.0037806579880659964
2022-03-28,80.16373443603516,5981000,11084545.0,False,0.010578326731343407
2022-03-29,82.74880981445312,8963200,11177670.0,False,0.03173840771953752
2022-03-30,82.56739807128906,8122100,11047720.0,False,-0.0021947251065471667
2022-03-31,82.51296997070312,11306100,11283655.0,False,-0.0006594133900201382
2022-04-01,82.98463439941406,6516300,11250480.0,False,0.005699970190184787
2022-04-04,79.90070343017578,16243100,11332200.0,False,-0.03787080632491901
2022-04-05,76.2997817993164,17525800,11673890.0,False,-0.046114578102251134
2022-04-06,75.61042022705078,10567000,11761660.0,False,-0.009075971134828982
2022-04-07,75.39275360107422,10869100,11849400.0,False,-0.0028829430695690873
2022-04-08,73.94147491455078,9286800,11546155.0,False,-0.019437263548015223
2022-04-11,73.17957305908203,8623200,11067350.0,False,-0.010357575307041999
2022-04-12,72.37232208251953,8472500,10863860.0,False,-0.011092390832147279
2022-04-13,73.39726257324219,8604400,10233685.0,False,0.014062705660859235
2022-04-14,72.10928344726562,9567200,10284335.0,False,-0.017703846343108776
2022-04-18,72.1999740600586,7797300,9484990.0,False,0.001256892680327625
2022-04-19,73.66938018798828,8622100,9319830.0,False,0.020147560682559865
2022-04-20,72.71699523925781,8368800,9315900.0,False,-0.013012117878927707
2022-04-21,71.61947631835938,8152500,9340000.0,False,-0.015208076826777975
2022-04-22,70.67616271972656,10315500,9547605.0,False,-0.013258697511291759
2022-04-25,70.73059844970703,10259000,9708150.0,False,0.0007699169717102157
2022-04-26,68.59905242919922,8800500,9849125.0,False,-0.03059955040601661
2022-04-27,67.79179382324219,8467300,9824330.0,False,-0.011837569085413764
2022-04-28,69.46074676513672,8818500,9859150.0,False,0.02432064570228724
2022-04-29,67.70108032226562,9199300,9753810.0,False,-0.025659660984123683
2022-05-02,68.36321258544922,12379000,10046945.0,False,0.009732714965444334
2022-05-03,67.4198989868164,15570100,10013295.0,False,-0.013894640711740245
2022-05-04,74.05032348632812,30199700,10646990.0,True,0.09380469765199423
2022-05-05,70.2770767211914,19114700,11074375.0,False,-0.052299241482491994
2022-05-06,69.40631103515625,11165800,11089210.0,False,-0.012467867222732595
2022-05-09,66.65798950195312,12863600,11268050.0,False,-0.04040288854622344
2022-05-10,65.17952728271484,14085900,11541185.0,False,-0.02242949104468898
2022-05-11,63.5468635559082,12118100,11723465.0,False,-0.025367778434758126
2022-05-12,63.848304748535156,15460600,12066275.0,False,0.004732389135571214
2022-05-13,69.05480194091797,18156300,12495730.0,False,0.07839038879636563
2022-05-16,66.1501235961914,11435300,12677630.0,False,-0.04297366140812525
2022-05-17,67.33757781982422,12454500,12869250.0,False,0.01779168469206427
2022-05-18,65.10882568359375,10576500,12979635.0,False,-0.03365833247229646
2022-05-19,65.70255279541016,11193700,13131695.0,False,0.009077668867066334
2022-05-20,67.03614044189453,15941800,13413010.0,False,0.020094103473224736
2022-05-23,67.06354522705078,10741900,13437155.0,False,0.0004087225917204506
2022-05-24,66.42416381835938,9227700,13458515.0,False,-0.009579702924910808
2022-05-25,66.20492553710938,8344400,13452370.0,False,-0.0033060391502799514
2022-05-26,68.0409164428711,8940900,13458490.0,False,0.027354372555993857
2022-05-27,70.06871795654297,8498400,13423445.0,False,0.029367208990186244
2022-05-31,71.7037353515625,23361800,13972585.0,False,0.023066397596888916
2022-06-01,69.67593383789062,7579000,13573030.0,False,-0.028687867155397985
2022-06-02,72.54409790039062,10241500,12575120.0,False,0.04033964780876809
2022-06-03,72.20613098144531,10415700,12140170.0,False,-0.004669664921314092
2022-06-06,72.1421890258789,7239400,11943850.0,False,-0.0008859397843416487
2022-06-07,72.58975982666016,5517100,11576525.0,False,0.006184843513074826
2022-06-08,71.67633819580078,5178300,11131145.0,False,-0.012663180739094247
2022-06-09,72.07825469970703,13248100,11187645.0,False,0.005591717705118094
2022-06-10,69.11875915527344,8694300,10849330.0,False,-0.04192622733015464
2022-06-13,66.0953140258789,9282800,10405655.0,False,-0.044728320149493676
2022-06-14,66.0496597290039,7635600,10215670.0,False,-0.0006909729124639701
2022-06-15,67.76688385009766,7682300,9977060.0,False,0.025666757595419365
2022-06-16,64.8073959350586,10147000,9955585.0,False,-0.04465390518651231
2022-06-17,65.64775085449219,9824300,9887115.0,False,0.012883608874135007
2022-06-21,66.64338684082031,7872500,9483650.0,False,0.015052478988856569
2022-06-22,66.9539566040039,6702200,9281665.0,False,0.004649348776352133
2022-06-23,68.6894302368164,6586400,9149600.0,False,0.02559016520290755
2022-06-24,71.34750366210938,18012000,9632980.0,False,0.037967022606485275
2022-06-27,70.95475006103516,6672200,9519545.0,False,-0.005520005313755602
2022-06-28,69.7307357788086,7206400,9454945.0,False,-0.01740115777763051
2022-06-29,69.81295013427734,8983900,8736050.0,False,0.0011783315661105006
2022-06-30,69.77641296386719,6781100,8696155.0,False,-0.0005234950634293508
2022-07-01,72.39794158935547,7539200,8561040.0,False,0.03688183839558263
2022-07-05,72.63542938232422,8087800,8444645.0,False,0.0032749429133074456
2022-07-06,72.03258514404297,4652800,8315315.0,False,-0.008334222733028423
2022-07-07,72.37968444824219,5395600,8309240.0,False,0.004807070390546852
2022-07-08,72.41621398925781,3927100,8246680.0,False,0.0005045659743792918
2022-07-11,71.15569305419922,5351500,7851850.0,False,-0.01755988829503411
2022-07-12,71.02782440185547,5393400,7686805.0,False,-0.0017986428962241065
2022-07-13,71.1739501953125,3897500,7417540.0,False,0.0020551901733279537
2022-07-14,71.4297103881836,4504500,7260985.0,False,0.0035870112457974074
2022-07-15,72.72676086425781,5584100,7156075.0,False,0.01799552205401244
2022-07-18,73.28397369384766,6768800,6987165.0,False,0.007632528338857009
2022-07-19,75.40309143066406,5949200,6793410.0,False,0.02850632951291079
2022-07-20,76.06078338623047,6850600,6742315.0,False,0.008684527449280947
2022-07-21,76.30740356445312,7695300,6791970.0,False,0.0032371638532160073
2022-07-22,76.35306549072266,6283600,6776830.0,False,0.000598215476656852
2022-07-25,74.44400024414062,5861100,6169285.0,False,-0.02532101319801812
2022-07-26,73.35704040527344,6587000,6165025.0,False,-0.014708684466412762
2022-07-27,75.7776107788086,6372600,6123335.0,False,0.032464393011275766
2022-07-28,77.33956146240234,5594600,5953870.0,False,0.020402739200992157
2022-07-29,77.44003295898438,5802700,5904950.0,False,0.0012982526678577207
2022-08-01,77.55879974365234,7313700,5893675.0,False,0.0015324864818771836
2022-08-02,76.46267700195312,7254700,5852020.0,False,-0.014233615605054822
2022-08-03,79.71446228027344,12915700,6265165.0,True,0.04164828885728052
2022-08-04,79.35822296142578,7086700,6349720.0,False,-0.004478957702274308
2022-08-05,78.30780029296875,4835100,6395120.0,False,-0.013324851971968069
2022-08-08,78.29866027832031,4878400,6371465.0,False,-0.00011672589528523132
2022-08-09,77.49483489990234,3498400,6276715.0,False,-0.01031920505407134
2022-08-10,79.0019760131836,5072300,6335455.0,False,0.01926157729386004
2022-08-11,80.16865539550781,5595700,6390015.0,False,0.014659743019064054
2022-08-12,81.1240234375,5154000,6368510.0,False,0.011846529203035758
2022-08-15,81.90485382080078,5601000,6310120.0,False,0.00957911711273871
2022-08-16,82.12532043457031,4580800,6241700.0,False,0.0026881242738198835
2022-08-17,81.16075897216797,3831300,6090735.0,False,-0.011814512119526098
2022-08-18,81.34451293945312,3428300,5877385.0,False,0.00226151488428978
2022-08-19,79.8471450805664,4597700,5793090.0,False,-0.018579260861678305
2022-08-22,78.0374526977539,5915200,5795795.0,False,-0.02292524625101517
2022-08-23,77.7986068725586,4560400,5694465.0,False,-0.0030653497384043123
2022-08-24,79.04793548583984,4386000,5595135.0,False,0.015930922251632826
2022-08-25,80.27888488769531,4236300,5527220.0,False,0.015452186790593165
2022-08-26,77.21986389160156,6674900,5570830.0,False,-0.038849905314850615
2022-08-29,77.27497863769531,5035500,5456920.0,False,0.0007134833439032917
2022-08-30,76.62274932861328,6812500,5434810.0,False,-0.008476190294569587
2022-08-31,77.22904968261719,6570100,5117530.0,False,0.007881656198205701
2022-09-01,78.45082092285156,7556800,5141035.0,False,0.01569626592882835
2022-09-02,76.19098663330078,10336800,5416120.0,False,-0.029228773361301644
2022-09-06,77.64242553710938,11062800,5725340.0,False,0.018870828586742966
2022-09-07,81.1240234375,9946800,6047760.0,False,0.04386513857059101
2022-09-08,82.18045043945312,7721100,6180200.0,False,0.012938307371136508
2022-09-09,81.47311401367188,7094600,6255145.0,False,-0.00864436815401196
2022-09-12,81.82218170166016,9078900,6451390.0,False,0.004275300377183222
2022-09-13,80.69227600097656,16033600,6973020.0,True,-0.013905518603941496
2022-09-14,85.15679168701172,24320600,7960010.0,True,0.05385130718078881
2022-09-15,84.71586608886719,11052400,8321065.0,False,-0.005191260254975384
2022-09-16,83.87991333007812,11987600,8749030.0,False,-0.009916732345280224
2022-09-19,84.6423568725586,6287000,8833495.0,False,0.009048640797796065
2022-09-20,83.40222930908203,6560000,8865735.0,False,-0.014759774237933414
2022-09-21,81.39042663574219,8806800,9078055.0,False,-0.024417382137667136
2022-09-22,77.80777740478516,9953000,9356405.0,False,-0.04501626436401296
2022-09-23,77.32090759277344,7153200,9502250.0,False,-0.006277000421991616
2022-09-26,77.9088134765625,7583500,9547680.0,False,0.007574692406952991
2022-09-27,77.42195892333984,8628800,9727345.0,False,-0.006268637437108415
2022-09-28,80.02166748046875,7850800,9779260.0,False,0.03302699412991021
2022-09-29,79.5256118774414,6881500,9794830.0,False,-0.006218309750606677
2022-09-30,77.40357971191406,7737500,9803865.0,False,-0.027046102723513814
2022-10-03,78.65290832519531,6739900,9624020.0,False,0.01601157785634581
2022-10-04,81.30775451660156,5982400,9370000.0,False,0.03319678662276703
2022-10-05,82.78673553466797,7980800,9271700.0,False,0.01802645618808706
2022-10-06,82.07939147949219,6893800,9230335.0,False,-0.00858088205523899
2022-10-07,79.94817352294922,6606400,9205925.0,False,-0.026308373868504528
2022-10-10,79.97573852539062,5092400,9006600.0,False,0.00034472646849776804
2022-10-11,79.19491577148438,5531300,8481485.0,False,-0.009811218290778531
2022-10-12,79.80120086669922,5261900,7528550.0,False,0.007626450842098428
2022-10-13,82.0977783203125,7616600,7356760.0,False,0.02837240264089461
2022-10-14,79.3418960571289,6315200,7073140.0,False,-0.0341446427661222
2022-10-17,81.66600799560547,6255300,7071555.0,False,0.028871543811972985
2022-10-18,81.72113800048828,5484400,7017775.0,False,0.000674838973885352
2022-10-19,80.39830780029297,6473400,6901105.0,False,-0.016319566754658104
2022-10-20,79.72771453857422,4540700,6630490.0,False,-0.008375867612070109
2022-10-21,81.39962005615234,9088800,6727270.0,False,0.02075334429144891
2022-10-24,76.94427490234375,16499300,7173060.0,True,-0.05628914809516228
2022-10-25,78.27629852294922,10674000,7275320.0,False,0.017163399029671025
2022-10-26,78.90093994140625,9987000,7382130.0,False,0.007948284535916983
2022-10-27,78.34058380126953,9524600,7514285.0,False,-0.007127360495334006
2022-10-28,80.01248931884766,8284900,7541655.0,False,0.021116958616709876
2022-10-31,79.54399108886719,7401100,7574715.0,False,-0.005872523324518939
2022-11-01,80.01248931884766,6219600,7586575.0,False,0.005872523324518794
2022-11-02,77.69755554199219,7653200,7570195.0,False,-0.02935894230186864
2022-11-03,77.7894058227539,8855100,7668260.0,False,0.0011814532953694288
2022-11-04,84.3851547241211,20194300,8347655.0,True,0.08138624426875042
2022-11-07,83.08988952636719,10190200,8602545.0,False,-0.0154684661267383
2022-11-08,85.20272064208984,9675500,8809755.0,False,0.025110337634256345
2022-11-09,84.65763092041016,6271200,8860220.0,False,-0.006418114501522803
2022-11-10,88.9353256225586,10408400,8999810.0,False,0.0492941759323813
2022-11-11,89.9700927734375,8294400,9098770.0,False,0.011567885412993468
2022-11-14,90.00704193115234,8521100,9212060.0,False,0.00041059836067065754
2022-11-15,90.38584899902344,6410000,9258340.0,False,0.00419980657455784
2022-11-16,89.68368530273438,5348900,9202115.0,False,-0.0077988456839691855
2022-11-17,89.59129333496094,5245600,9237360.0,False,-0.0010307291810079647
2022-11-18,90.4967041015625,5964800,9081160.0,False,0.010055288616996467
2022-11-21,90.83857727050781,4499200,8481155.0,False,0.003770623911793722
2022-11-22,90.94020080566406,5398600,8217385.0,False,0.001118101318743802
2022-11-23,91.94725799560547,5944900,8015280.0,False,0.011012973497271717
2022-11-25,91.98421478271484,2320000,7655050.0,False,0.00040185387577744175
2022-11-28,91.15271759033203,5257300,7503670.0,False,-0.009080668713527178
2022-11-29,91.15271759033203,4423900,7354810.0,False,0.0
2022-11-30,94.42333221435547,15000800,7793870.0,False,0.035251890733810146
2022-12-01,95.50430297851562,7452300,7783825.0,False,0.011383097938982002
2022-12-02,97.05647277832031,7916900,7736915.0,False,0.016121698847086786
2022-12-05,95.67060852050781,9285800,7191490.0,False,-0.014381872395606607
2022-12-06,94.31245422363281,8383000,7101130.0,False,-0.014297879130853865
2022-12-07,94.1184310913086,4194300,6827070.0,False,-0.0020593566768008892
2022-12-08,95.84613800048828,5465100,6786765.0,False,0.01819028207977623
2022-12-09,94.0445327758789,7999600,6666325.0,False,-0.018975753542494547
2022-12-12,94.88526153564453,5796000,6541405.0,False,0.008899965326159205
2022-12-13,94.34017181396484,7066000,6468650.0,False,-0.005761289270354569
2022-12-14,94.41409301757812,5624000,6429350.0,False,0.0007832533739928771
2022-12-15,92.3814926147461,7244400,6524125.0,False,-0.02176369024075901
2022-12-16,91.30976867675781,13862300,6954960.0,False,-0.011668884966836806
2022-12-19,90.82008361816406,5771100,6945275.0,False,-0.005377330870122689
2022-12-20,90.54290771484375,4533500,6946990.0,False,-0.0030565896281439346
2022-12-21,91.16192626953125,5566300,6955375.0,False,0.006813478055170218
2022-12-22,90.3211669921875,4756900,6895975.0,False,-0.00926549440075585
2022-12-23,90.79237365722656,3944500,6977200.0,False,0.005203451122919892
2022-12-27,91.651611328125,4402500,6934460.0,False,0.009419263932104162
2022-12-28,91.09725952148438,3491500,6887840.0,False,-0.006066833730611106
2022-12-29,92.17823791503906,3976100,6336605.0,False,0.011796349690373272
2022-12-30,91.651611328125,3988900,6163435.0,False,-0.005729515959762069
2023-01-03,93.15758514404297,6607700,6097975.0,False,0.016297967630610626
2023-01-04,96.51136779785156,8166600,6042015.0,False,0.03536827933757247
2023-01-05,96.48365020751953,5575100,5901620.0,False,-0.00028723633189147395
2023-01-06,98.5716781616211,9644100,6174110.0,False,0.021410414518143028
2023-01-09,96.77005767822266,10124800,6407095.0,False,-0.01844635568040051
2023-01-10,97.93418884277344,4183600,6216295.0,False,0.011958085737479725
2023-01-11,98.21135711669922,5634400,6208215.0,False,0.0028261509283988543
2023-01-12,97.79559326171875,4882000,6099015.0,False,-0.004242344240714162
2023-01-13,99.07059478759766,5529700,6094300.0,False,0.012953157325433997
2023-01-17,98.62711334228516,7477200,6105940.0,False,-0.004486467682281933
2023-01-18,97.01026916503906,5725800,5699115.0,False,-0.01652936641450837
2023-01-19,96.32657623291016,5115800,5666350.0,False,-0.007072586507384214
2023-01-20,97.04723358154297,6543500,5766850.0,False,0.007453550050950339
2023-01-23,98.12820434570312,6320500,5804560.0,False,0.011077027197596854
2023-01-24,98.5254898071289,5517200,5842575.0,False,0.004040463146367065
2023-01-25,98.83960723876953,5416900,5916195.0,False,0.0031831129370638806
2023-01-26,100.4841537475586,6324100,6012275.0,False,0.016501633508403758
2023-01-27,100.72437286376953,6851100,6180255.0,False,0.0023877639222256723
2023-01-30,100.15156555175781,6880700,6325485.0,False,-0.0057031107767125415
2023-01-31,100.83524322509766,5816300,6416855.0,False,0.006803235639633638
2023-02-01,101.62056732177734,5841200,6378530.0,False,0.007758019228036502
2023-02-02,100.84449005126953,9852900,6462845.0,False,-0.007666321108169462
2023-02-03,96.3635482788086,15200500,6944115.0,True,-0.045451627599133015
2023-02-06,97.02873992919922,6392200,6781520.0,False,0.006879222329181935
2023-02-07,98.7010269165039,6207500,6585655.0,False,0.017088128259171085
2023-02-08,98.21135711669922,5557500,6654350.0,False,-0.004973489215161384
2023-02-09,98.47134399414062,5608400,6653050.0,False,0.0026437203414359386
2023-02-10,99.43700408935547,6298600,6723880.0,False,0.009758736992236998
2023-02-13,100.76482391357422,5192400,6707015.0,False,0.013265006695657847
2023-02-14,100.26342010498047,5109400,6588625.0,False,-0.004988402010792674
2023-02-15,101.21052551269531,4059100,6505290.0,False,0.009401834876232694
2023-02-16,99.8548583984375,4596800,6479340.0,False,-0.013485042839509477
2023-02-17,99.44629669189453,6876400,6495985.0,False,-0.004099948930754876
2023-02-21,97.29208374023438,5438000,6451860.0,False,-0.021900140133796746
2023-02-22,97.28280639648438,7523700,6552185.0,False,-9.536013357641616e-05
2023-02-23,96.11285400390625,6857900,6624235.0,False,-0.012099202873886326
2023-02-24,94.33934020996094,6019700,6609015.0,False,-0.01862477949070741
2023-02-27,95.11932373046875,5235100,6528215.0,False,0.008233858625993382
2023-02-28,94.7943344116211,5186500,6443505.0,False,-0.0034224988266467553
2023-03-01,94.18151092529297,5382200,6421800.0,False,-0.006485756245063494
2023-03-02,95.6485824584961,4777600,6368620.0,False,0.015456988048033388
2023-03-03,97.07852935791016,4882100,6120080.0,False,0.014839356291288679
2023-03-06,97.48709106445312,5237100,5621910.0,False,0.00419973792046752
2023-03-07,95.95500183105469,3976300,5501115.0,False,-0.015840619246651363
2023-03-08,95.17503356933594,4225500,5402015.0,False,-0.008161695672443983
2023-03-09,93.13225555419922,5732300,5410755.0,False,-0.021697069324054682
2023-03-10,92.27799224853516,6641900,5462430.0,False,-0.009214909755300255
2023-03-13,91.99944305419922,6408200,5467910.0,False,-0.003023152628830666
2023-03-14,92.352294921875,6248800,5520730.0,False,0.003828033328415698
2023-03-15,92.24085998535156,6603300,5595425.0,False,-0.0012073573379913075
2023-03-16,93.25297546386719,8188600,5801900.0,False,0.010912767212126136
2023-03-17,91.6465835571289,10189700,6081545.0,False,-0.01737626994716997
2023-03-20,92.71440887451172,4864000,5980925.0,False,0.01158419950506584
2023-03-21,93.35508728027344,4743700,5946210.0,False,0.006886469313153407
2023-03-22,92.03657531738281,5917700,5865910.0,False,-0.014224309504094788
2023-03-23,91.38660430908203,6879200,5866975.0,False,-0.007087149292331299
2023-03-24,91.31231689453125,4685400,5800260.0,False,-0.0008132223020850126
2023-03-27,91.60946655273438,6022200,5839615.0,False,0.0032489287386589156
2023-03-28,91.66516876220703,4709800,5815780.0,False,0.0006078551032667337
2023-03-29,93.42939758300781,4946600,5794000.0,False,0.019063576905345218
2023-03-30,94.07936096191406,4082600,5759250.0,False,0.006932646636214215
2023-03-31,96.68854522705078,6900100,5860150.0,False,0.027356247008076307
2023-04-03,97.35708618164062,3855400,5791065.0,False,0.00689058130228718
2023-04-04,96.5678482055664,3854400,5784970.0,False,-0.008139668435016671
2023-04-05,97.40351867675781,5170900,5832240.0,False,0.008616484534768038
2023-04-06,97.19925689697266,3155700,5703410.0,False,-0.0020992696964053617
2023-04-10,97.25496673583984,3761600,5559395.0,False,0.000572986683967167
2023-04-11,98.18350219726562,4010600,5439515.0,False,0.009502146153725015
2023-04-12,98.05348205566406,4606000,5357375.0,False,-0.0013251341088695806
2023-04-13,99.34417724609375,4367600,5245590.0,False,0.013077293712887572
2023-04-14,99.78987884521484,3963300,5034325.0,False,0.00447640501202232
2023-04-17,100.56983947753906,4780700,4763875.0,False,0.007785642530400114
2023-04-18,100.19841766357422,5300500,4785700.0,False,-0.0037000095830514797
2023-04-19,99.50202941894531,4617800,4779405.0,False,-0.006974356618523816
2023-04-20,99.3998794555664,4297200,4698380.0,False,-0.0010271391857196157
2023-04-21,100.45840454101562,4522800,4580560.0,False,0.01059285571986898
2023-04-24,101.47979736328125,5940700,4643325.0,False,0.010115981253750173
2023-04-25,101.5262222290039,8747100,4779570.0,False,0.0004573742850108677
2023-04-26,103.5040054321289,8081600,4948160.0,False,0.019293199584174088
2023-04-27,104.6925277709961,7618500,5081755.0,False,0.011417435551430908
2023-04-28,106.12248992919922,5979300,5176590.0,False,0.013566244994749973
2023-05-01,106.37318420410156,6495900,5156380.0,False,0.0023595246560526757
2023-05-02,106.28032684326172,9626400,5444930.0,False,-0.000873320795732732
2023-05-03,96.53069305419922,24388600,6471640.0,True,-0.09621917567891175
2023-05-04,97.23638916015625,8858100,6656000.0,False,0.0072839949700597584
2023-05-05,99.54844665527344,7813800,6888905.0,False,0.02349941124312833
2023-05-08,99.51128387451172,6090700,7005360.0,False,-0.0003733832161288444
2023-05-09,99.08417510986328,3682400,6988950.0,False,-0.004301300999873769
2023-05-10,99.32559204101562,4565000,6986900.0,False,0.002433519818692946
2023-05-11,98.56973266601562,4791700,7008105.0,False,-0.0076390187769404955
2023-05-12,99.02699279785156,5175600,7068720.0,False,0.004628223944389316
2023-05-15,99.5122299194336,4217000,7040535.0,False,0.004888082879567584
2023-05-16,98.24311828613281,3676600,6959340.0,False,-0.012835344967401631
2023-05-17,98.62571716308594,4757300,6966315.0,False,0.0038868453481543663
2023-05-18,99.93213653564453,5377500,7020330.0,False,0.01315927021263961
2023-05-19,98.45774841308594,4985200,7043450.0,False,-0.014863814936145307
2023-05-22,96.02220916748047,7504300,7121630.0,False,-0.025047995825485888
2023-05-23,93.63330841064453,6766300,7022590.0,False,-0.025193330937380878
2023-05-24,92.95211029052734,6134800,6925250.0,False,-0.007301761856891879
2023-05-25,91.86032104492188,8177000,6953175.0,False,-0.011815243583270598
2023-05-26,91.94429779052734,7276500,7018035.0,False,0.0009137610575906737
2023-05-30,91.21643829345703,6505400,7018510.0,False,-0.007947809602221344
2023-05-31,91.11377716064453,10377100,7056045.0,False,-0.0011261012707692623
2023-06-01,91.0018081665039,6752200,6174225.0,False,-0.0012296477322123842
2023-06-02,92.84945678710938,6221400,6042390.0,False,0.020100061065565226
2023-06-05,93.25071716308594,6536500,5978525.0,False,0.0043123119047134345
2023-06-06,91.65501403808594,8657100,6106845.0,False,-0.017260067917739572
2023-06-07,91.37506866455078,6285600,6237005.0,False,-0.0030590118050731136
2023-06-08,92.5228500366211,6877800,6352645.0,False,0.012482971906567872
2023-06-09,91.41239929199219,5550800,6390600.0,False,-0.012074512526088961
2023-06-12,91.87897491455078,6705800,6467110.0,False,0.005091092064216318
2023-06-13,92.62549591064453,5137900,6513155.0,False,0.008092216589805646
2023-06-14,93.93193054199219,9279500,6793300.0,False,0.01400593921840436
2023-06-15,94.60379028320312,6448200,6877845.0,False,0.007127164892435235
2023-06-16,95.06104278564453,11709200,7194430.0,False,0.004821699214586974
2023-06-20,94.50115203857422,5506400,7220490.0,False,-0.005907215578647727
2023-06-21,95.06104278564453,5508800,7120715.0,False,0.005907215578647655
2023-06-22,94.1092300415039,6125500,7088675.0,False,-0.010063111524957521
2023-06-23,91.76698303222656,18770100,7720440.0,True,-0.025203558389208344
2023-06-26,91.66435241699219,6069000,7615040.0,False,-0.001119008654572297
2023-06-27,92.12158966064453,5034100,7502920.0,False,0.004975768895598766
2023-06-28,92.0189437866211,6581900,7506745.0,False,-0.001114864638801331
2023-06-29,92.08426666259766,5113500,7243565.0,False,0.000709633238425797
2023-06-30,92.43885803222656,6229900,7217450.0,False,0.0038433319042649313
2023-07-03,92.5228500366211,3287000,7070730.0,False,0.0009082097158902436
2023-07-05,91.87897491455078,6365400,7062175.0,False,-0.006983420461872703
2023-07-06,89.77002716064453,7153300,6986985.0,False,-0.023221074646492902
2023-07-07,89.63005828857422,7889500,7067180.0,False,-0.001560410633255362
2023-07-10,92.5041732788086,9294600,7188020.0,False,0.031563024334880674
2023-07-11,93.4000244140625,5268000,7173880.0,False,0.009637846598974851
2023-07-12,94.37984466552734,6971900,7187185.0,False,0.010435933828602025
2023-07-13,94.80908966064453,4511700,7155875.0,False,0.004537746704896966
2023-07-14,94.81842803955078,3939800,6888890.0,False,9.849181202240878e-05
2023-07-17,94.18388366699219,5244500,6828705.0,False,-0.006714698365098233
2023-07-18,94.02523803710938,5989000,6542695.0,False,-0.001685844618155748
2023-07-19,95.02371215820312,5556200,6545185.0,False,0.010563226130961487
2023-07-20,94.13721466064453,5466100,6543050.0,False,-0.009373013788928467
2023-07-21,95.94754791259766,20370300,7255290.0,True,0.01904821790809062
2023-07-24,95.91022491455078,4746600,6554115.0,False,-0.0003890694441795257
2023-07-25,96.04086303710938,5627500,6532040.0,False,0.0013611607427988807
2023-07-26,94.93041229248047,6568300,6608750.0,False,-0.011629636532987951
2023-07-27,94.04390716552734,5373400,6548325.0,False,-0.009382350285784616
2023-07-28,94.48249053955078,5320700,6558685.0,False,0.0046527613169645545
2023-07-31,94.78109741210938,6377400,6566060.0,False,0.003155462955743419
2023-08-01,94.4918212890625,7784300,6790925.0,False,-0.0030567114436567456
2023-08-02,95.30365753173828,14463100,7195810.0,True,0.008554905511925415
2023-08-03,95.49031829833984,5547500,7115520.0,False,0.001956674211994196
2023-08-04,93.9505844116211,5199200,6981005.0,False,-0.01625591697871878
2023-08-07,94.93972778320312,5222700,6777410.0,False,0.010473299574414511
2023-08-08,93.96924591064453,4058400,6716930.0,False,-0.010274688293712723
2023-08-09,93.24138641357422,4494300,6593050.0,False,-0.007775874217024087
2023-08-10,95.37095642089844,6844200,6709675.0,False,0.022582408712993145
2023-08-11,94.74239349365234,3180600,6671715.0,False,-0.006612531080882278
2023-08-14,94.76116180419922,3239300,6571455.0,False,0.00019807871761278457
2023-08-15,93.85118103027344,3203700,6432190.0,False,-0.00964929252078088
2023-08-16,92.85674285888672,3679500,6338355.0,False,-0.01065244103484134
2023-08-17,90.59584045410156,5291100,6329605.0,False,-0.024649605259208857
2023-08-18,91.21501922607422,4126000,5517390.0,False,0.006811267125355463
2023-08-21,90.49264526367188,3753200,5467720.0,False,-0.007950988418967613
2023-08-22,90.12677764892578,3639800,5368335.0,False,-0.004051259928224885
2023-08-23,89.29181671142578,9704500,5525145.0,False,-0.009307474157022218
2023-08-24,88.96347045898438,7824500,5647700.0,False,-0.0036840043177397853
2023-08-25,89.57327270507812,5360400,5649685.0,False,0.006831138583863407
2023-08-28,91.0367660522461,5098900,5585760.0,False,0.016206467694251082
2023-08-29,93.01622772216797,5512300,5472160.0,False,0.021510522093705412
2023-08-30,93.10066223144531,4212200,4959615.0,False,0.0009073278098607154
2023-08-31,91.41201782226562,5624500,4963465.0,False,-0.01830434154044973
2023-09-01,91.93737030029297,4747100,4940860.0,False,0.005730631785868326
2023-09-05,90.84913635253906,5414300,4950440.0,False,-0.011907299127026285
2023-09-06,90.01419067382812,5428400,5018940.0,False,-0.009232956441180863
2023-09-07,89.21676635742188,6404100,5114430.0,False,-0.008898346483410249
2023-09-08,89.3856430053711,4754700,5009955.0,False,0.0018910909307453812
2023-09-11,89.75151062011719,5577500,5129800.0,False,0.004084782146676966
2023-09-12,90.2862548828125,5007600,5218215.0,False,0.005940374051046105
2023-09-13,90.93356323242188,5830200,5349540.0,False,0.007143932814078417
2023-09-14,91.14933013916016,6039700,5467550.0,False,0.0023699865894804477
2023-09-15,90.2768783569336,8767600,5641375.0,False,-0.009617778100725711
2023-09-18,90.77409362792969,4477500,5658950.0,False,0.005492558427628047
2023-09-19,89.39501953125,6803000,5811440.0,False,-0.015308961743830412
2023-09-20,89.2730712890625,4572100,5858055.0,False,-0.0013650815941964065
2023-09-21,87.34051513671875,6108800,5678270.0,False,-0.02188544299030598
2023-09-22,87.88462829589844,5118900,5542990.0,False,0.0062104661167325
2023-09-25,87.00276947021484,4818800,5515910.0,False,-0.010084961079666869
2023-09-26,86.30855560302734,6086600,5565295.0,False,-0.00801122003720029
2023-09-27,85.52989959716797,4731500,5526255.0,False,-0.009062713399936133
2023-09-28,85.44547271728516,4736300,5552460.0,False,-0.000987591202194739
2023-09-29,85.62371826171875,7700200,5656245.0,False,0.0020839007645765562
2023-10-02,85.49237823486328,6430500,5740415.0,False,-0.0015350987468358253
2023-10-03,83.9444580078125,6666600,5803030.0,False,-0.01827186256521812
2023-10-04,85.51113891601562,6166100,5839915.0,False,0.01849128122443868
2023-10-05,86.65564727783203,7548600,5897140.0,False,0.013295540292803519
2023-10-06,87.10597229003906,6979300,6008370.0,False,0.0051832622363550225
2023-10-09,86.94647979736328,4120700,5935530.0,False,-0.0018326950916756847
2023-10-10,87.41555786132812,4974800,5933890.0,False,0.0053805197726934945
2023-10-11,86.26165008544922,4499200,5867340.0,False,-0.013288154142350997
2023-10-12,85.76444244384766,5485200,5839615.0,False,-0.005780623379065124
2023-10-13,85.82072448730469,4780100,5640240.0,False,0.0006560246026174256
2023-10-16,87.85648345947266,4595900,5646160.0,False,0.023444091915796186
2023-10-17,88.35369873046875,6086700,5610345.0,False,0.005643449027141718
2023-10-18,87.95028686523438,4110700,5587275.0,False,-0.0045763295471583434
2023-10-19,88.57884216308594,5610800,5562375.0,False,0.007121294458625979
2023-10-20,88.36308288574219,4699000,5541380.0,False,-0.0024387593185813614
2023-10-23,88.37245178222656,4481000,5524490.0,False,0.00010602164992743772
2023-10-24,88.76646423339844,3600200,5400170.0,False,0.004448633985548509
2023-10-25,88.18482971191406,5497300,5438460.0,False,-0.006573974151073303
2023-10-26,86.9371109008789,6201700,5511730.0,False,-0.014249955433422582
2023-10-27,86.32730865478516,8293600,5541400.0,False,-0.007039007379702324
2023-10-30,87.38741302490234,7852700,5612510.0,False,0.012205269881836027
2023-10-31,86.53369903564453,9308300,5744595.0,False,-0.00981733426013834
2023-11-01,85.6987533569336,14292500,6150915.0,True,-0.00969564339231605
2023-11-02,93.82302856445312,23396300,6943300.0,True,0.09057205405957759
2023-11-03,96.29969787597656,15995700,7394120.0,True,0.026054848514074216
2023-11-06,97.5943374633789,7532000,7564685.0,False,0.013354292464657715
2023-11-07,97.26598358154297,6239500,7627920.0,False,-0.0033701493547737354
2023-11-08,97.8476333618164,7453000,7775610.0,False,0.005962182572459011
2023-11-09,96.43270111083984,7607000,7881700.0,False,-0.01456613992555533
2023-11-10,98.41361236572266,7338500,8009620.0,False,0.020333764305716817
2023-11-13,97.64012145996094,7120800,8135865.0,False,-0.007890642059567396
2023-11-14,99.61157989501953,8323000,8247680.0,False,0.019989932357656906
2023-11-15,100.01720428466797,7980200,8441155.0,False,0.004063792198460687
2023-11-16,101.13029479980469,8037200,8562475.0,False,0.011067518930625174
2023-11-17,99.58328247070312,6341800,8644615.0,False,-0.015415429144688226
2023-11-20,98.38531494140625,9799500,8910540.0,False,-0.012102749302328035
2023-11-21,97.80990600585938,6149000,9037980.0,False,-0.0058656942057888056
2023-11-22,97.5740737915039,4828700,9004550.0,False,-0.0024140395658618008
2023-11-24,96.95149993896484,3206400,8854785.0,False,-0.006400967916898644
2023-11-27,96.55533599853516,7853600,8832785.0,False,-0.004094578798761708
2023-11-28,95.44224548339844,6848100,8782555.0,False,-0.011594968823540821
2023-11-29,94.18766021728516,8428500,8738565.0,False,-0.013232127778427706
2023-11-30,93.66885375976562,11442600,8596070.0,False,-0.005523447290004676
2023-12-01,93.57452392578125,12506500,8051580.0,False,-0.0010075639857659675
2023-12-04,92.06525421142578,11477400,7825665.0,False,-0.016260555623473397
2023-12-05,90.12207794189453,16027300,8250430.0,False,-0.021332437734020174
2023-12-06,91.51815032958984,12115000,8544205.0,False,0.015372144069537162
2023-12-07,90.9710464477539,7858300,8564470.0,False,-0.005996031881754306
2023-12-08,91.13140106201172,7125200,8540380.0,False,0.0017611477264311906
2023-12-11,92.55577087402344,7639100,8555410.0,False,0.015508958485541386
2023-12-12,92.58406829833984,6313800,8515060.0,False,0.00030568703811416917
2023-12-13,92.54634094238281,7741900,8486005.0,False,-0.00040757600692425326
2023-12-14,92.29164123535156,9764800,8575235.0,False,-0.0027559256516086626
2023-12-15,91.26345825195312,12466000,8796675.0,False,-0.011203107297502216
2023-12-18,91.084228515625,6146400,8786905.0,False,-0.0019658027718687313
2023-12-19,92.17845153808594,5992900,8596575.0,False,0.011941722401504897
2023-12-20,89.33915710449219,10057400,8791995.0,False,-0.0312865077235619
2023-12-21,89.92398834228516,7097200,8905420.0,False,0.006524858316044297
2023-12-22,89.87682342529297,6361000,9063150.0,False,-0.0005246352072645096
2023-12-26,90.24470520019531,3709500,8855945.0,False,0.004084823055215629
2023-12-27,89.88624572753906,4959300,8761505.0,False,-0.003979992821740876
2023-12-28,90.48995971679688,4518300,8565995.0,False,0.006693967667160043
2023-12-29,90.5654296875,6135700,8300650.0,False,0.0008336672586483491
2024-01-02,88.35811614990234,8859700,8118310.0,False,-0.024674511298098282
2024-01-03,87.94307708740234,7161700,7902525.0,False,-0.004708304255899387
2024-01-04,88.24492645263672,7118600,7457090.0,False,0.0034264496389396298
2024-01-05,87.71668243408203,7191000,7210890.0,False,-0.006004100653486886
2024-01-08,88.84864044189453,7536900,7194820.0,False,0.012822149874807428
2024-01-09,87.8110122680664,6348500,7155985.0,False,-0.011747335518868201
2024-01-10,88.19776153564453,5847700,7066415.0,False,0.004394666034692602
2024-01-11,87.66951751708984,6483600,7074905.0,False,-0.006007321088956738
2024-01-12,86.76395416259766,5641200,6969870.0,False,-0.010383001395797566
2024-01-16,87.44312286376953,7493400,6856300.0,False,0.007797296800572719
2024-01-17,86.56587219238281,6672900,6566645.0,False,-0.01008290523406813
2024-01-18,88.04683685302734,7549500,6636800.0,False,0.016963257498596795
2024-01-19,88.53733825683594,9565900,6815450.0,False,0.005555454389211371
2024-01-22,87.79214477539062,9421000,6783630.0,False,-0.008452334857818697
2024-01-23,86.75453186035156,10227100,6940125.0,False,-0.011889371460330868
2024-01-24,86.82056427001953,7661400,7005145.0,False,0.0007608512318363841
2024-01-25,87.35823059082031,11991500,7419245.0,False,0.00617374840605027
2024-01-26,87.53746795654297,9229400,7632750.0,False,0.0020496493619946527
2024-01-29,88.48075103759766,12728100,8043240.0,False,0.010718119029268055
2024-01-30,88.74488067626953,17625200,8617715.0,True,0.0029807182141378618
2024-01-31,87.75440979003906,26751800,9512320.0,True,-0.011223629070094387
2024-02-01,88.07513427734375,15001500,9904310.0,False,0.003648133704864318
2024-02-02,87.71668243408203,11366600,10116710.0,False,-0.004078145920097972
2024-02-05,87.26390838623047,7335800,10123950.0,False,-0.005175146069056799
2024-02-06,90.24470520019531,11531500,10323680.0,False,0.03358797053353426
2024-02-07,89.9051284790039,9078000,10460155.0,False,-0.003769941014554874
2024-02-08,91.66071319580078,9888100,10662175.0,False,0.019338873598903773
2024-02-09,92.33447265625,9385600,10807275.0,False,0.007323696746049383
2024-02-12,90.59786987304688,9224400,10986435.0,False,-0.01898685524295121
2024-02-13,89.07952117919922,8138500,11018690.0,False,-0.016901234240171294
2024-02-14,89.2693099975586,5510600,10960575.0,False,0.0021282885763397557
2024-02-15,88.46269989013672,8878000,11027000.0,False,-0.009076762771261106
2024-02-16,88.46269989013672,5737500,10835580.0,False,0.0
2024-02-20,88.6904525756836,8844500,10806755.0,False,0.0025712532670856747
2024-02-21,90.17082214355469,8284600,10709630.0,False,0.016553648906793762
2024-02-22,90.89205169677734,8124700,10732795.0,False,0.007966662104568204
2024-02-23,90.7402114868164,6845200,10475480.0,False,-0.001671952357703629
2024-02-26,89.46859741210938,7043800,10366200.0,False,-0.014112908114356006
2024-02-27,89.32624816894531,5356100,9997600.0,False,-0.001592319653046385
2024-02-28,88.25390625,5622400,9397460.0,False,-0.012077418865864421
2024-02-29,90.05695343017578,11221100,8620925.0,False,0.020224327787663882
2024-03-01,88.40576171875,7995400,8270620.0,False,-0.01850514074403246
2024-03-04,87.74146270751953,7321000,8068340.0,False,-0.007542578803038057
2024-03-05,86.56476593017578,7137300,8058415.0,False,-0.013501693680746472
2024-03-06,86.97281646728516,4826900,7723185.0,False,0.004702742581770588
2024-03-07,86.30853271484375,8792400,7708905.0,False,-0.007667149520057249
2024-03-08,86.41291809082031,7673300,7598165.0,False,0.0012087136623560083
2024-03-11,87.37136840820312,6702300,7464000.0,False,0.011030456834014267
2024-03-12,87.68453979492188,9444900,7475025.0,False,0.003577962309642539
2024-03-13,86.93486022949219,8254500,7480825.0,False,-0.008586493497771443
2024-03-14,86.98231506347656,8544800,7632535.0,False,0.0005457176392398737
2024-03-15,85.52091217041016,18136300,8095450.0,True,-0.016943890034275214
2024-03-18,86.36547088623047,7413900,8179270.0,False,0.009827020586509269
2024-03-19,86.91587829589844,5676500,8020870.0,False,0.006352781339350139
2024-03-20,87.87432861328125,5804400,7896860.0,False,0.010966975103962396
2024-03-21,86.98231506347656,6287300,7804990.0,False,-0.010202886995546676
2024-03-22,86.0807876586914,6495000,7787480.0,False,-0.010418576177253195
2024-03-25,86.04283142089844,6903000,7780440.0,False,-0.00044103463093763626
2024-03-26,85.7486572265625,6216100,7823440.0,False,-0.0034247852927581208
2024-03-27,86.83047485351562,5863700,7835505.0,False,0.012537226072102317
2024-03-28,86.72607421875,6784300,7613665.0,False,-0.001203073556325302
2024-04-01,86.85894775390625,4990200,7463405.0,False,0.0015309334826034548
2024-04-02,84.74275207519531,8276800,7511195.0,False,-0.02466529138959516
2024-04-03,84.1733627319336,6316400,7470150.0,False,-0.006741707272886768
2024-04-04,83.14847564697266,8057600,7631685.0,False,-0.012250641190974534
2024-04-05,82.41777801513672,7161400,7550135.0,False,-0.00882670664785424
2024-04-08,82.74042510986328,6322900,7482615.0,False,0.003907132665214238
2024-04-09,82.68347930908203,6240700,7459535.0,False,-0.0006884833631593512
2024-04-10,81.56369018554688,7413900,7357985.0,False,-0.013635625833351856
2024-04-11,81.51626586914062,6841600,7287340.0,False,-0.0005816081741791697
2024-04-12,80.58625793457031,8594800,7289840.0,False,-0.011474443662981771
2024-04-15,80.8235092163086,9676900,6866870.0,False,0.0029397409684443327
2024-04-16,81.06074523925781,8866800,6939515.0,False,0.0029309359773884744
2024-04-17,81.8104476928711,6870100,6999195.0,False,0.00920614302719037
2024-04-18,82.70246887207031,11403300,7279140.0,False,0.01084449707472298
2024-04-19,83.13899230957031,11900000,7559775.0,False,0.005264358412194756
2024-04-22,83.67990112304688,8669000,7668475.0,False,0.006485005361422195
2024-04-23,83.38572692871094,5670500,7606850.0,False,-0.0035216639328902346
2024-04-24,84.2208023071289,7183900,7655240.0,False,0.009964794238774815
2024-04-25,83.35723876953125,7284600,7726285.0,False,-0.01030649572330309
2024-04-26,83.74632263183594,7185300,7746335.0,False,0.004656807577004629
2024-04-29,83.82225036621094,8522800,7922965.0,False,0.0009062288735034528
2024-04-30,83.97406768798828,14538400,8236045.0,False,0.001809543438906507
2024-05-01,70.64109802246094,66610700,11250760.0,True,-0.17289593308574078
2024-05-02,71.10608673095703,23883400,12042050.0,False,0.0065608410811534065
2024-05-03,69.37897491455078,22153800,12791670.0,False,-0.024589074684536336
2024-05-06,69.1796875,18632200,13407135.0,False,-0.002876580193521822
2024-05-07,68.80008697509766,21901300,14190165.0,False,-0.0055022771858867486
2024-05-08,69.74906921386719,24482600,15043600.0,False,0.013699066896950324
2024-05-09,71.81781005859375,18591500,15631095.0,False,0.029228420241591186
2024-05-10,72.22586822509766,15761900,15989450.0,False,0.005665771145998985
2024-05-13,72.29229736328125,10953600,16053285.0,False,0.0009193189325601947
2024-05-14,71.77037048339844,10961100,16158000.0,False,-0.007245862807099078
2024-05-15,71.83679962158203,8826500,16255820.0,False,0.0009251507828351479
2024-05-16,71.98020935058594,10758500,16223580.0,False,0.0019943367973193895
2024-05-17,74.43756866455078,14436500,16350405.0,False,0.03356955845919363
2024-05-20,74.14115142822266,11183800,16476145.0,False,-0.003990041499892446
2024-05-21,74.31326293945312,8916600,16638450.0,False,0.002318712974291502
2024-05-22,77.18177032470703,22072200,17382865.0,False,0.03787385242080632
2024-05-23,74.87739562988281,15841300,17810700.0,False,-0.03031124247533704
2024-05-24,75.41284942626953,10746200,17988745.0,False,0.007125626307995594
2024-05-28,74.08378601074219,8833300,18004270.0,False,-0.01778098120018581
2024-05-29,73.51007843017578,9268100,17740755.0,False,-0.0077741777709700146
2024-05-30,75.30767059326172,9294200,14874930.0,False,0.024159478408647923
2024-05-31,76.70367431640625,12669700,14314245.0,False,0.018367615537556333
2024-06-03,78.4821548461914,12443400,13828725.0,False,0.022921659881907832
2024-06-04,79.16102600097656,12370000,13515615.0,False,0.00861280960856785
2024-06-05,77.60248565673828,11275300,12984315.0,False,-0.01988462341899857
2024-06-06,77.89888763427734,9237800,12222075.0,False,0.0038122150336428588
2024-06-07,77.86064910888672,10852600,11835130.0,False,-0.0004909943488323945
2024-06-10,78.023193359375,8698600,11481965.0,False,0.0020854542308543825
2024-06-11,76.38815307617188,9024300,11385500.0,False,-0.021178513550105554
2024-06-12,75.90049743652344,8873400,11281115.0,False,-0.00640438147973172
2024-06-13,76.72280883789062,13947300,11537155.0,False,0.010775803231062335
2024-06-14,76.15866088867188,7192400,11358850.0,False,-0.007380233992858728
2024-06-17,77.76502227783203,9845900,11129320.0,False,0.020872937513615256
2024-06-18,76.68455505371094,9664500,11053355.0,False,-0.013991425146657062
2024-06-20,76.22560119628906,10183900,11116720.0,False,-0.006002939855503658
2024-06-21,76.40726470947266,25648400,11295530.0,True,0.0023803995015828057
2024-06-24,76.23515319824219,7396600,10873295.0,False,-0.002255095097789686
2024-06-25,75.80488586425781,15821600,11127065.0,False,-0.00565993649129657
2024-06-26,75.68058776855469,10708100,11220805.0,False,-0.0016410566718716264
2024-06-27,75.76664733886719,10289600,11271880.0,False,0.0011364958827344048
2024-06-28,74.43756866455078,13207500,11467545.0,False,-0.0176974175332339
2024-07-01,73.7491226196289,6767600,11172440.0,False,-0.00929167109461458
2024-07-02,73.46227264404297,8854100,10992975.0,False,-0.003897121389521276
2024-07-03,72.91727447509766,4906700,10619810.0,False,-0.007446404883289131
2024-07-05,72.71646118164062,9663100,10539200.0,False,-0.002757787127047049
2024-07-08,71.30133819580078,8871200,10520870.0,False,-0.019652689297628943
2024-07-09,69.56111145019531,11816900,10569085.0,False,-0.024709428115318385
2024-07-10,69.33163452148438,11132500,10690780.0,False,-0.0033043790143086984
2024-07-11,70.0870132446289,12316100,10855370.0,False,0.010836227819673057
2024-07-12,71.5499496459961,10559300,10939665.0,False,0.02065828578382422
2024-07-15,69.56111145019531,9064400,10695520.0,False,-0.028190134589188603
2024-07-16,72.20013427734375,14968700,11084335.0,False,0.037236238040695445
2024-07-17,71.80809783935547,11567800,11170430.0,False,-0.005444652721501893
2024-07-18,70.93799591064453,10701000,11222255.0,False,-0.012191054510419914
2024-07-19,75.7953109741211,32965900,12361355.0,True,0.06623023177303042
2024-07-22,73.1945571899414,18851500,12021510.0,False,-0.03491536736106252
2024-07-23,72.91727447509766,9592100,12131285.0,False,-0.0037954906807471807
2024-07-24,71.4065170288086,10478200,11864115.0,False,-0.02093643209983202
2024-07-25,70.10612487792969,18973600,12277390.0,False,-0.01837897643287212
2024-07-26,70.80413055419922,12387100,12382265.0,False,0.009907176498249876
2024-07-29,71.90371704101562,10864700,12265125.0,False,0.015410620603403664
2024-07-30,72.61128997802734,16163600,12734925.0,False,0.009792458317341818
2024-07-31,74.5331802368164,18901100,13237275.0,False,0.026123979463320325
2024-08-01,71.81766510009766,17307200,13857300.0,False,-0.03711392071491929
2024-08-02,72.55392456054688,15185700,14133430.0,False,0.010199594602108532
2024-08-05,70.6224594116211,12372900,14308515.0,False,-0.02698185654339071
2024-08-06,72.06626892089844,10525500,14243945.0,False,0.020237881498533426
2024-08-07,71.98977661132812,7297000,14052170.0,False,-0.0010619799603232972
2024-08-08,72.42960357666016,8988300,13885780.0,False,0.006090987574684166
2024-08-09,71.79854583740234,4683600,13591995.0,False,-0.008750882111544797
2024-08-12,73.65349578857422,13123000,13794925.0,False,0.02550738377630569
2024-08-13,91.69636535644531,157215500,20907265.0,True,0.21911113556868192
2024-08-14,89.7840347290039,45737800,22615765.0,True,-0.02107556971306599
2024-08-15,90.72108459472656,21109800,23136205.0,False,0.010382622797184063
2024-08-16,91.2020492553711,16336300,22304725.0,False,0.005287571416006017
2024-08-19,88.78758239746094,14479000,22086100.0,False,-0.026830564379758462
2024-08-20,89.47055053710938,11536200,22183305.0,False,0.007662724502288134
2024-08-21,89.24930572509766,6769200,21997855.0,False,-0.0024758852167660007
2024-08-22,88.91262817382812,10010300,21549690.0,False,-0.0037794600077463397
2024-08-23,90.4421157836914,11483700,21504520.0,False,0.017055859840258824
2024-08-26,91.99085235595703,13882800,21655425.0,False,0.016979099720446974
2024-08-27,94.84782409667969,17456300,21720060.0,False,0.030584614458670542
2024-08-28,91.67341613769531,14866300,21518320.0,False,-0.03404131876971695
2024-08-29,91.25015258789062,8781300,21092025.0,False,-0.004627772223637878
2024-08-30,90.97119140625,7117200,20688600.0,False,-0.003061786215089798
2024-09-03,89.63408660888672,11234000,20631655.0,False,-0.014807199904024397
2024-09-04,88.8164291381836,7193500,20465055.0,False,-0.009164032835403594
2024-09-05,88.07573699951172,8370100,20518710.0,False,-0.008374553647705445
2024-09-06,87.68133544921875,9257000,20532145.0,False,-0.004488038026768452
2024-09-09,88.70098876953125,10089700,20802450.0,False,0.011561982570465415
2024-09-10,89.7879867553711,7327000,20512650.0,False,0.012180151980538716
2024-09-11,94.46305084228516,19302900,13617020.0,False,0.05075757308347104
2024-09-12,95.501953125,14653500,12062805.0,False,0.010937937185487011
2024-09-13,94.8189697265625,9899900,11502310.0,False,-0.007177207004243325
2024-09-16,92.64498901367188,9263400,11148665.0,False,-0.02319462569484492
2024-09-17,92.77003479003906,6281700,10738800.0,False,0.0013488205298587005
2024-09-18,92.46221160888672,8793800,10601680.0,False,-0.0033236487761103732
2024-09-19,93.21253204345703,8752600,10700850.0,False,0.008082138734769739
2024-09-20,92.3948745727539,19541000,11177385.0,False,-0.008810669520383774
2024-09-23,91.8465576171875,8382800,11022340.0,False,-0.005952174468900104
2024-09-24,90.85575866699219,8606800,10758540.0,False,-0.010846153276878235
2024-09-25,91.98123931884766,8632900,10317370.0,False,0.012311456435628566
2024-09-26,93.7608413696289,9876800,10067895.0,False,0.019162663633494118
2024-09-27,93.65501403808594,6319900,9944825.0,False,-0.0011293318013072796
2024-09-30,93.78007507324219,6436400,9910785.0,False,0.0013344465468841536
2024-10-01,93.72235107421875,7171600,9707665.0,False,-0.0006157147086903713
2024-10-02,92.82775115966797,6346000,9665290.0,False,-0.009591061720867456
2024-10-03,91.92351531982422,5556400,9524605.0,False,-0.009788761694306264
2024-10-04,92.90469360351562,6818900,9402700.0,False,0.010617291662210003
2024-10-07,92.43334197998047,7478900,9272160.0,False,-0.005086410226243462
2024-10-08,92.54878234863281,6595200,9235570.0,False,0.001248124747810861
2024-10-09,92.23133850097656,3344800,8437665.0,False,-0.0034359124617417388
2024-10-10,90.30744171142578,5459500,7977965.0,False,-0.021080101777787217
2024-10-11,91.91389465332031,4834800,7724710.0,False,0.017632343107370375
2024-10-14,91.15396881103516,4124700,7467775.0,False,-0.008302169400874117
2024-10-15,91.42330169677734,6264100,7466895.0,False,0.002950346232708609
2024-10-16,91.82733154296875,7537100,7404060.0,False,0.004409594594342179
2024-10-17,91.64454650878906,5577300,7245295.0,False,-0.001992513475020733
2024-10-18,93.1548080444336,6178300,6577160.0,False,0.016345242801073284
2024-10-21,92.77964782714844,3994300,6357735.0,False,-0.004035408333921841
2024-10-22,93.13555145263672,6670900,6260940.0,False,0.003828670938412551
2024-10-23,93.93399047851562,18858800,6772235.0,True,0.008536332169125745
2024-10-24,93.4530029296875,9828600,6769825.0,False,-0.005133639175465799
2024-10-25,93.60692596435547,9665600,6937110.0,False,0.001645708627367489
2024-10-28,94.2898941040039,6790900,6954835.0,False,0.007269640296948376
2024-10-29,93.68386840820312,7664200,6979465.0,False,-0.0064480040981806245
2024-10-30,93.61653900146484,9187200,7121525.0,False,-0.0007189456827089357
2024-10-31,93.9820785522461,12011500,7444280.0,False,0.0038970437860046396
2024-11-01,95.10755920410156,8860200,7546345.0,False,0.011904342897731065
2024-11-04,93.33758544921875,7049100,7524855.0,False,-0.018785581443623706
2024-11-05,93.3952865600586,6348300,7512510.0,False,0.0006180070177839147
2024-11-06,92.42372131347656,9708800,7830710.0,False,-0.01045720899420728
2024-11-07,92.46221160888672,6195200,7867495.0,False,0.0004163680314432101
2024-11-08,93.8377914428711,6118700,7931690.0,False,0.014767630816591168
2024-11-11,96.49275970458984,10313300,8241120.0,False,0.027900307842659716
2024-11-12,95.04022216796875,8438400,8349835.0,False,-0.015167783324609172
2024-11-13,96.00216674804688,8816300,8413795.0,False,0.010070568267749526
2024-11-14,95.453857421875,6441500,8457005.0,False,-0.005727799139374449
2024-11-15,95.2602767944336,8119900,8554085.0,False,-0.0020300613241707767
2024-11-18,97.17670440673828,7041500,8706445.0,False,0.01991811510268132
2024-11-19,95.1925277709961,9176200,8831710.0,False,-0.020629567228049116
2024-11-20,95.10541534423828,7527700,8265155.0,False,-0.0009155373034161196
2024-11-21,96.84762573242188,6760600,8111755.0,False,0.018152963044580264
2024-11-22,99.20928955078125,6563300,7956640.0,False,0.024092779914035623
2024-11-25,98.57048034667969,8839600,8059075.0,False,-0.006459825753215801
2024-11-26,97.44772338867188,6558300,8003780.0,False,-0.011455764977885698
2024-11-27,98.2510757446289,4857800,7787310.0,False,0.008210135903705945
2024-11-29,99.17057037353516,3419300,7357700.0,False,0.009315100909890748
2024-12-02,98.2510757446289,6103200,7219850.0,False,-0.009315100909890715
2024-12-03,98.30914306640625,7101500,7222470.0,False,0.0005908349493889234
2024-12-04,97.46707153320312,6151100,7212610.0,False,-0.008602441597247028
2024-12-05,96.04428100585938,7194800,7086910.0,False,-0.014705247498693876
2024-12-06,96.8960189819336,6297000,7092000.0,False,0.00882908867735854
2024-12-09,96.1217041015625,7271600,7149645.0,False,-0.00802329466704909
2024-12-10,95.00862121582031,8192500,7043605.0,False,-0.011647502484679688
2024-12-11,95.2602767944336,8007300,7022050.0,False,0.0026452639184854974
2024-12-12,94.67953491210938,6375900,6900030.0,False,-0.006115028616415288
2024-12-13,94.2923812866211,5910900,6873500.0,False,-0.004097478344367092
2024-12-16,90.13043975830078,12395900,7087300.0,False,-0.04514244236887035
2024-12-17,89.13349151611328,8536100,7162030.0,False,-0.01112280103801403
2024-12-18,87.01380920410156,10886600,7247550.0,False,-0.02406831813127979
2024-12-19,85.91041564941406,14628400,7602585.0,False,-0.012761757708583127
2024-12-20,85.14575958251953,26477500,8588430.0,True,-0.008940468348755863
2024-12-23,84.63278198242188,11203700,8820450.0,False,-0.006042921047588091
2024-12-24,87.02348327636719,5422000,8649570.0,False,0.027856319510998193
2024-12-26,88.91088104248047,7538700,8698590.0,False,0.02145652650951357
2024-12-27,89.28836059570312,8200400,8865720.0,False,0.0042366074553674025
2024-12-30,87.6719741821289,8404500,9114980.0,False,-0.018268855235214165
2024-12-31,88.32046508789062,4220700,9020855.0,False,0.007369564777178537
2025-01-02,89.21092224121094,8640900,9097825.0,False,0.01003163028462066
2025-01-03,89.6077651977539,4964900,9038515.0,False,0.00443850263884932
2025-01-06,90.14010620117188,8768100,9117180.0,False,0.005923214062923391
2025-01-07,89.85942077636719,6638300,9134245.0,False,-0.0031187376658771515
2025-01-08,89.62712860107422,6243700,9082850.0,False,-0.0025884090567505017
2025-01-10,89.28836059570312,6550300,9000740.0,False,-0.0037869098057299573
2025-01-13,90.50790405273438,6912100,8945980.0,False,0.013566045577702827
2025-01-14,90.08202362060547,6406200,8947495.0,False,-0.0047165556476289954
2025-01-15,90.09171295166016,4554700,8879685.0,False,0.00010755542121023574
2025-01-16,91.39837646484375,6548200,8587300.0,False,0.014399531070612032
2025-01-17,92.07589721679688,8361900,8578590.0,False,0.007385491360683189
2025-01-21,94.83440399169922,8803100,8474415.0,False,0.02951904803311496
2025-01-22,94.5924301147461,7678900,8126940.0,False,-0.002554801802061608
2025-01-23,94.84407806396484,7901800,7198155.0,False,0.002656806754538735
2025-01-24,95.63775634765625,6957100,6985825.0,False,0.008333423281883742
2025-01-27,96.80889892578125,9654900,7197470.0,False,0.012171238144788836
2025-01-28,97.18639373779297,14736500,7557360.0,False,0.0038917984379198424
2025-01-29,105.0940933227539,40769300,9185805.0,True,0.07822535621240324
2025-01-30,105.5006103515625,15023000,9516730.0,False,0.0038606624633399866
2025-01-31,104.22299194335938,19136900,10262540.0,False,-0.01218398119547494
2025-02-03,104.68758392333984,8894100,10275200.0,False,0.004447766648069177
2025-02-04,107.04923248291016,11123700,10583140.0,False,0.02230832162855735
2025-02-05,108.64627075195312,12826000,10786035.0,False,0.014808537312068503
2025-02-06,108.11392974853516,11967300,11052485.0,False,-0.004911806433588633
2025-02-07,108.59786987304688,11502400,11315420.0,False,0.004466216696918806
2025-02-10,107.87195587158203,8348400,11405325.0,False,-0.0067068629085369445
2025-02-11,107.4654312133789,4683100,11293875.0,False,-0.003775704225406628
2025-02-12,109.41090393066406,7269400,11337035.0,False,0.01794132957484101
2025-02-13,109.3721923828125,10046300,11611615.0,False,-0.0003538806142507959
2025-02-14,109.52790069580078,9115000,11739955.0,False,0.0014226429697682238
2025-02-18,109.99501037597656,7574100,11700565.0,False,0.004255686869996795
2025-02-19,109.4695053100586,8268900,11673855.0,False,-0.00478898439338963
2025-02-20,110.29668426513672,6343800,11607100.0,False,0.007527844596284208
2025-02-21,108.7493667602539,9664700,11695245.0,False,-0.014128017690486739
2025-02-24,110.15071105957031,13120500,12003415.0,False,0.01280368154502058
2025-02-25,111.51311492919922,11001800,12070760.0,False,0.012292678063925123
2025-02-26,109.96581268310547,7466800,11707275.0,False,-0.013972682970502207
2025-02-27,111.41580963134766,9013700,10119495.0,False,0.01309971142387231
2025-02-28,112.70035552978516,11466000,9941645.0,False,0.011463340577294371
2025-03-03,112.31111145019531,9225500,9446075.0,False,-0.0034597745002626678
2025-03-04,109.0510482788086,12482400,9625490.0,False,-0.029456695768313303
2025-03-05,108.69097900390625,11926800,9665645.0,False,-0.00330730458981013
2025-03-06,102.63800048828125,16321700,9840430.0,False,-0.0573005615446685
2025-03-07,103.62088012695312,11637400,9823935.0,False,0.009530615850573299
2025-03-10,98.41453552246094,15823300,10039980.0,False,-0.05155034327168422
2025-03-11,96.9061508178711,10663500,10155735.0,False,-0.01544551905823682
2025-03-12,96.04005432128906,9461200,10394640.0,False,-0.008977655850848745
2025-03-13,93.46121215820312,9274300,10494885.0,False,-0.027218829968371768
2025-03-14,95.47562408447266,8240900,10404615.0,False,0.02132446272170874
2025-03-17,96.41958618164062,10131700,10455450.0,False,0.009838387419798107
2025-03-18,95.64105987548828,7423400,10447915.0,False,-0.008107132681502082
2025-03-19,96.5266342163086,4982700,10283605.0,False,0.009216748049252986
2025-03-20,96.61421203613281,5952800,10264055.0,False,0.0009068804194011054
2025-03-21,94.46354675292969,11366000,10349120.0,False,-0.022511841490967088
2025-03-24,93.14979553222656,8265000,10106345.0,False,-0.014005109425939435
2025-03-25,93.30550384521484,6984800,9905495.0,False,0.0016701949443597695
2025-03-26,95.33938598632812,9561600,10010235.0,False,0.02156391255173387
2025-03-27,96.19575500488281,9141000,10016600.0,False,0.00894222042621978
2025-03-28,95.1058349609375,8066200,9846610.0,False,-0.011394906204412499
2025-03-31,95.45616149902344,11302900,9950480.0,False,0.00367677647439329
2025-04-01,95.5924072265625,5868400,9619780.0,False,0.0014262943872874229
2025-04-02,96.74071502685547,6043300,9325605.0,False,0.011940964002982607
2025-04-03,85.8901138305664,20490100,9534025.0,True,-0.11896562550627554
2025-04-04,79.89551544189453,19700100,9937160.0,False,-0.07234900902184675
2025-04-07,77.85189819335938,26099400,10450965.0,True,-0.025911443376939507
2025-04-08,77.55022430419922,20534600,10944520.0,False,-0.0038824986848214837
2025-04-09,86.29883575439453,26668100,11804865.0,True,0.10689032531924812
2025-04-10,82.32838439941406,16209300,12151615.0,False,-0.04710016967515445
2025-04-11,83.13610076904297,10059700,12242555.0,False,0.009763095502027619
2025-04-14,83.19449615478516,8880500,12179995.0,False,0.0007021605071032434
2025-04-15,81.46228790283203,7088600,12163255.0,False,-0.021041005615381383
2025-04-16,78.59149169921875,13080800,12568160.0,False,-0.03587674256351744
2025-04-17,79.3116226196289,9787500,12759895.0,False,0.009121237617585118
2025-04-21,78.51364135742188,10595600,12721375.0,False,-0.010112298146980591
2025-04-22,79.5549087524414,10408600,12828555.0,False,0.013175074439659639
2025-04-23,80.58644104003906,9114400,12935035.0,False,0.012882950666795248
2025-04-24,81.60824584960938,6798100,12796860.0,False,0.012599898891761094
2025-04-25,81.55960083007812,5799400,12629780.0,False,-0.0005962574362820893
2025-04-28,81.64718627929688,7091400,12581040.0,False,0.0010733065600778801
2025-04-29,82.57167053222656,16356900,12833740.0,False,0.011259291866867837
2025-04-30,77.90055847167969,41297000,14605170.0,True,-0.05823352799838566
2025-05-01,79.80792236328125,18326700,15219340.0,False,0.024189655327940745
2025-05-02,82.41596984863281,13512900,14870480.0,False,0.032156449716140824
2025-05-05,79.46733093261719,13361900,14553570.0,False,-0.036433221440010634
2025-05-06,80.5572509765625,10709500,13784075.0,False,0.013622118363043114
2025-05-07,80.4891357421875,8224800,13168585.0,False,-0.0008459083103264561
2025-05-08,79.98309326171875,8759800,12273170.0,False,-0.006306937481114511
2025-05-09,78.14385223388672,8210700,11873240.0,False,-0.023263890571061374
2025-05-12,83.36965942382812,17241500,12232330.0,False,0.06473305975748692
2025-05-13,84.54716491699219,11533700,12364990.0,False,0.01402509604771944
2025-05-14,84.21629333496094,12741500,12647635.0,False,-0.0039211332760705955
2025-05-15,84.91696166992188,13721900,12679690.0,False,0.008285447391920591
2025-05-16,83.85856628417969,13109500,12845790.0,False,-0.012542212404379815
2025-05-19,82.91776275634766,9568100,12794415.0,False,-0.011282338601504302
2025-05-20,83.87815856933594,9310600,12739515.0,False,0.01151594618222299
2025-05-21,81.32035827636719,10875400,12827565.0,False,-0.030968858127477253
2025-05-22,82.29056549072266,8440400,12909680.0,False,0.011860071009187434
2025-05-23,82.71195983886719,7088200,12974120.0,False,0.0051077432112054885
2025-05-27,85.26976776123047,10922300,13165665.0,False,0.030455760450379028
2025-05-28,84.27996063232422,12328500,12964245.0,False,-0.011675847350678042
2025-05-29,82.36896514892578,10308700,11414830.0,False,-0.022935392402185097
2025-05-30,82.27096557617188,7394100,10868200.0,False,-0.0011904716419186235
2025-06-02,83.48616790771484,8258900,10605500.0,False,0.014662706548893753
2025-06-03,84.86795806884766,8287700,10351790.0,False,0.016415649840922558
2025-06-04,86.34777069091797,8740900,10253360.0,False,0.01728637295469817
2025-06-05,85.25016784667969,8476100,10265925.0,False,-0.012792902092806212
2025-06-06,87.84716033935547,8772900,10266580.0,False,0.03000840510434502
2025-06-09,88.85655975341797,8097300,10260910.0,False,0.01142489125972383
2025-06-10,89.60135650634766,6911100,9744390.0,False,0.008347078044290615
2025-06-11,93.4821548461914,14835500,9909480.0,False,0.042400101373036264
2025-06-12,92.43355560302734,7183300,9631570.0,False,-0.011280492219669244
2025-06-13,91.39476776123047,7119900,9301470.0,False,-0.011301837278665199
2025-06-16,91.61035919189453,5871000,8939545.0,False,0.002356125579521752
2025-06-17,89.7581558227539,6183000,8770290.0,False,-0.02042546098363872
2025-06-18,90.43435668945312,7319300,8670725.0,False,0.007505351154551236
2025-06-20,91.25756072998047,9197000,8586805.0,False,0.00906159927378607
2025-06-23,90.4931640625,7533000,8541435.0,False,-0.008411533713020163
2025-06-24,89.66996002197266,11373900,8755720.0,False,-0.009138493503132969
2025-06-25,89.27796173095703,6929600,8556085.0,False,-0.004381150830839802
2025-06-26,90.00315856933594,6571600,8268240.0,False,0.00809009663130141
2025-06-27,90.26775360107422,21491600,8827385.0,True,0.002935528739064323
2025-06-30,89.79735565185547,10083300,8961845.0,False,-0.005224765877785262
2025-07-01,93.02155303955078,9828400,9040320.0,False,0.03527569162553557
2025-07-02,92.29635620117188,7942300,9023050.0,False,-0.007826556463681687
2025-07-03,92.5511703491211,3557300,8763870.0,False,0.0027570215746108287
2025-07-07,91.76716613769531,5311200,8605625.0,False,-0.008507118224172704
2025-07-08,93.04116821289062,6985700,8516265.0,False,0.013787497857214679
2025-07-09,93.34495544433594,8322400,8527520.0,False,0.0032597652066556288
2025-07-10,93.24696350097656,6913600,8527645.0,False,-0.0010503343651966101
2025-07-11,93.04116821289062,6339800,8102860.0,False,-0.0022094308414589326
2025-07-14,91.55155944824219,6048300,8046110.0,False,-0.01613975934254896
2025-07-15,90.63036346435547,8567900,8118510.0,False,-0.010113010338975026
2025-07-16,90.65975952148438,7136900,8181805.0,False,0.00032429849902884726
2025-07-17,91.32616424560547,8589000,8302105.0,False,0.007323728000341085
2025-07-18,91.92395782470703,5172800,8194780.0,False,0.006524368910525229
2025-07-21,90.8067626953125,7217300,8095795.0,False,-0.012227928031354801
2025-07-22,95.00115966796875,9992400,8218765.0,False,0.04515533670019743
2025-07-23,94.00155639648438,11275300,8213835.0,False,-0.010577759014945922
2025-07-24,91.82595825195312,7897600,8262235.0,False,-0.023416312258572495
2025-07-25,92.53155517578125,7224100,8294860.0,False,0.00765469609607657
2025-07-28,91.79655456542969,10333600,7736960.0,False,-0.007974958424737853
2025-07-29,91.10076141357422,20923600,8278975.0,True,-0.007608602726599671
2025-07-30,90.9047622680664,44794700,10027290.0,True,-0.0021537722296419977
2025-07-31,87.37676239013672,16565400,10458445.0,False,-0.039583019231867085
2025-08-01,85.12276458740234,16221300,11091645.0,False,-0.026134866995700178
2025-08-04,87.98435974121094,12500400,11451105.0,False,0.033064564697511206
2025-08-05,88.39595794677734,6994400,11451540.0,False,0.004667175545422128
2025-08-06,87.21015930175781,7869100,11428875.0,False,-0.013505414131461347
2025-08-07,89.19955444335938,9891800,11577785.0,False,0.022555214661116072
2025-08-08,90.2775650024414,8035300,11662560.0,False,0.012012935424977025
2025-08-11,89.90515899658203,9504400,11835365.0,False,-0.004133654191390388
2025-08-12,91.50257110595703,9669300,11890435.0,False,0.01761174562787606
2025-08-13,92.29635620117188,6493400,11858260.0,False,0.008637591547071348
2025-08-14,91.1987533569336,9803500,11918985.0,False,-0.011963435297428033
2025-08-15,89.3738021850586,8059700,12063330.0,False,-0.02021362885584711
2025-08-18,91.28754425048828,7376200,12071275.0,False,0.021186752884617466
2025-08-19,89.69932556152344,6815800,11912445.0,False,-0.01755110147087337
2025-08-20,88.29854583740234,5814000,11639380.0,False,-0.015739611171169204
2025-08-21,87.36141204833984,5669200,11527960.0,False,-0.010669963618748958
2025-08-22,87.18384552001953,7625500,11548030.0,False,-0.0020346194683224885
2025-08-25,84.64862823486328,11013500,11582025.0,False,-0.02951015264722964
2025-08-26,85.45752716064453,9315200,11001605.0,False,0.00951059085495383
2025-08-27,86.47359466552734,7677900,9145765.0,False,0.011819609190585657
2025-08-28,86.8287124633789,7905600,8712775.0,False,0.00409825236341626
2025-08-29,86.99641418457031,6315200,8217470.0,False,0.0019295458194897393
2025-09-02,88.56489562988281,10466200,8115760.0,False,0.017868665710178602
2025-09-03,86.06913757324219,10201000,8276090.0,False,-0.028584668697109194
2025-09-04,85.83238983154297,6799200,8222595.0,False,-0.0027544594275348867
2025-09-05,84.27376556396484,9047200,8180365.0,False,-0.018325825821813985
2025-09-08,83.03082275390625,9213700,8239285.0,False,-0.014858715958681872
2025-09-09,82.67568969726562,8635800,8195855.0,False,-0.004286296236712384
2025-09-10,81.7582778930664,8108000,8117790.0,False,-0.011158537822353974
2025-09-11,81.24531555175781,12046600,8395450.0,False,-0.006293898481683501
2025-09-12,80.79154968261719,9996200,8405085.0,False,-0.005600787878225511
2025-09-15,81.56098175048828,9685900,8486395.0,False,0.00947860586843291
2025-09-16,83.22811889648438,10244300,8629800.0,False,0.02023427544447247
2025-09-17,82.09368133544922,6632200,8620620.0,False,-0.01372420776567005
2025-09-18,82.29096984863281,7163700,8688105.0,False,0.002400328820080654
2025-09-19,83.41554260253906,15315900,9170440.0,False,0.013573274852948456
2025-09-22,84.13566589355469,7881700,9183250.0,False,0.008595912039253776
2025-09-23,84.53025817871094,8765500,9070850.0,False,0.004678989039726211
2025-09-24,83.12947082519531,9664000,9088290.0,False,-0.016710273328227585
2025-09-25,82.69542694091797,8670500,9137920.0,False,-0.005234978358156465
2025-09-26,82.2613754272461,6955500,9090415.0,False,-0.0052626203854710275
2025-09-29,84.48092651367188,11222800,9335795.0,False,0.026624104003134568
2025-09-30,83.45500183105469,7574200,9191195.0,False,-0.012218200781446632
2025-10-01,83.25770568847656,8155200,9088905.0,False,-0.002366900971397608
2025-10-02,85.54631042480469,9461500,9222020.0,False,0.027117186303189853
2025-10-03,85.2503662109375,7634500,9151385.0,False,-0.0034654598189239813
2025-10-06,80.99870300292969,14996700,9440535.0,False,-0.051159269649141394
2025-10-07,80.18980407714844,10070100,9512250.0,False,-0.010036766651743937
2025-10-08,78.95671844482422,12397700,9726735.0,False,-0.015496541037394482
2025-10-09,78.70024108886719,9075700,9578190.0,False,-0.0032536157359838096
2025-10-10,77.39810180664062,11129800,9634870.0,False,-0.016683962976663552
2025-10-13,78.94685363769531,8052000,9553175.0,False,0.019812631480464724
2025-10-14,80.05169677734375,7510300,9416475.0,False,0.013897748373676255
2025-10-15,81.7385482788086,11094300,9639580.0,False,0.02085308206143865
2025-10-16,83.19851684570312,11552100,9859000.0,False,0.017703803545986677
2025-10-17,84.20471954345703,8527600,9519585.0,False,0.012021449967939225
2025-10-20,83.38594818115234,7679700,9509485.0,False,-0.009771163129826904
2025-10-21,84.73741149902344,8262500,9484335.0,False,0.016077390210561773
2025-10-22,84.34281921386719,5286300,9265450.0,False,-0.00466752381242075
2025-10-23,84.28363800048828,4565500,9060200.0,False,-0.0007019208822435316
2025-10-24,84.92483520507812,5844600,9004655.0,False,0.007578819920272835
2025-10-27,86.03954315185547,7164600,8801745.0,False,0.013040421098548496
2025-10-28,84.27376556396484,11545600,9000315.0,False,-0.02073638136775827
2025-10-29,83.03082275390625,13881700,9286640.0,False,-0.014858715958681872
2025-10-30,82.0246353149414,18337500,9730440.0,False,-0.01219226452688844
2025-10-31,79.7754898071289,13598000,10028615.0,False,-0.02780332081109456
2025-11-03,79.86426544189453,9525100,9755035.0,False,0.0011121996996091188
2025-11-04,78.52267456054688,17774600,10140260.0,False,-0.016941080717634286
2025-11-05,81.7582778930664,17996200,10420185.0,False,0.040379632296941526
2025-11-06,81.10721588134766,10382800,10485540.0,False,-0.007995131009422726
2025-11-07,84.41188049316406,15009900,10679545.0,False,0.03993622356017232
2025-11-10,83.45500183105469,10507600,10802325.0,False,-0.011400569461581326
2025-11-11,85.2503662109375,9575800,10905600.0,False,0.021284825512868283
2025-11-12,86.07901000976562,11975800,10949675.0,False,0.009673183647547929
2025-11-13,85.27010345458984,10507700,10897455.0,False,-0.009441689519257005
2025-11-14,84.23676300048828,13434600,11142805.0,False,-0.012192464844866734
2025-11-17,83.15374755859375,8547200,11186180.0,False,-0.012940166687164684
2025-11-18,82.79605865478516,7189400,11132525.0,False,-0.004310815009489465
2025-11-19,83.14381408691406,6195100,11177965.0,False,0.004191348775670992
2025-11-20,82.09060668945312,8966300,11398005.0,False,-0.012748211373148896
2025-11-21,84.80310821533203,10227700,11617160.0,False,0.0325085987356604
2025-11-24,82.80598449707031,10805800,11799220.0,False,-0.023831860294767165
2025-11-25,85.35952758789062,9265300,11685205.0,False,0.03037173731420415
2025-11-26,86.14445495605469,7602600,11371250.0,False,0.009153523283503204
2025-11-28,86.55183410644531,3677600,10638255.0,False,0.004717876779339444
2025-12-01,84.36593627929688,8752100,10395960.0,False,-0.025579751143552768
2025-12-02,84.65406799316406,9001900,10369800.0,False,0.003409442500230952
2025-12-03,86.55183410644531,9303900,9946265.0,False,0.022170308643321666
2025-12-04,84.45535278320312,10555100,9574210.0,False,-0.024520447393840065
2025-12-05,84.5745849609375,9402900,9525215.0,False,0.00141078200822103
2025-12-08,82.87554168701172,10277600,9288600.0,False,-0.020293822627615817
2025-12-09,81.75277709960938,10322900,9279365.0,False,-0.013640204840071756
2025-12-10,83.3127212524414,10539600,9327555.0,False,0.01890147379082407
2025-12-11,84.19701385498047,6894000,9073465.0,False,0.010558202085545053
2025-12-12,84.80310821533203,9071500,9001655.0,False,0.007172739894657558
2025-12-15,84.85279083251953,11718600,8915855.0,False,0.0005856868978508517
2025-12-16,84.53484344482422,7481400,8862565.0,False,-0.0037540846763509644
2025-12-17,84.66400909423828,7947000,8900445.0,False,0.0015267913767400961
2025-12-18,88.84703063964844,16466100,9413995.0,False,0.048225544909965876
2025-12-19,87.7640151977539,16986700,9815015.0,False,-0.012264567171192323
2025-12-22,85.61785125732422,7161600,9661710.0,False,-0.02475776281440247
2025-12-23,83.3226547241211,9511300,9596985.0,False,-0.02717332645890076
2025-12-24,84.02810668945312,3462700,9306855.0,False,0.008430868649400952
2025-12-26,84.53484344482422,5046200,9179035.0,False,0.006012451508388497
2025-12-29,85.02169799804688,5352400,9262775.0,False,0.00574269664926295
2025-12-30,84.70375061035156,4540500,9052195.0,False,-0.0037466126880076576
2025-12-31,83.67041015625,5293400,8866770.0,False,-0.012274489425452265
2026-01-02,83.43195343017578,11334900,8968320.0,False,-0.0028540217243798382
2026-01-05,86.00535583496094,9894300,8935280.0,False,0.03037820082332816
2026-01-06,88.88677215576172,11351100,9032690.0,False,0.032953765335412305
2026-01-07,86.13452911376953,9547000,8996160.0,False,-0.03145297075671582
2026-01-08,87.61497497558594,8140100,8887020.0,False,0.017041564498649964
2026-01-09,88.31048583984375,7593200,8739700.0,False,0.007906922450092373
2026-01-12,89.3835678100586,7289500,8759475.0,False,0.012078007036082921
2026-01-13,89.97972106933594,5561900,8583995.0,False,0.006647463461153114
2026-01-14,90.56594848632812,8373200,8416725.0,False,0.006493974390164611
2026-01-15,92.68229675292969,10001700,8542740.0,False,0.023099182915072555
2026-01-16,92.39414978027344,8958200,8593300.0,False,-0.0031138182180734716
2026-01-20,93.05986785888672,13555200,8447755.0,False,0.007179363882495718
2026-01-21,95.8121109008789,17118100,8454325.0,True,0.029146069116799306
2026-01-22,95.21595764160156,14150800,8803785.0,False,-0.006241545540203864
2026-01-23,96.99449157714844,11759800,8916210.0,False,0.01850663899043721
2026-01-26,95.71275329589844,14106700,9448410.0,False,-0.013302636166269978
2026-01-27,95.1066665649414,16403600,10016280.0,False,-0.006352485188035524
2026-01-28,94.55025482177734,25961600,11046740.0,True,-0.005867577470536545
2026-01-29,93.27845001220703,16602900,11649860.0,False,-0.013542384244687811
2026-01-30,91.3608169555664,10748000,11922590.0,False,-0.020772417931066645
2026-02-02,91.10248565673828,8675100,11789600.0,False,-0.002831599206382588
2026-02-03,92.44383239746094,8361300,11712950.0,False,0.014616153943066841
2026-02-04,96.3486557006836,9077100,11599250.0,False,0.04137219975021224
2026-02-05,95.45442199707031,6776700,11460735.0,False,-0.009324565524405042
2026-02-06,98.81275939941406,8067100,11457085.0,False,0.03457786314591887
2026-02-09,98.34577941894531,7150600,11434955.0,False,-0.004737110109742378
2026-02-10,96.90506744384766,8543500,11497655.0,False,-0.01475781689301721
2026-02-11,98.48487854003906,6949100,11567015.0,False,0.016171205901541332
2026-02-12,96.13999938964844,9537300,11625220.0,False,-0.024097562915793496
2026-02-13,93.79000091552734,8948000,11572535.0,False,-0.024747205834936985
